ColumnType,Column_ID,FailOrPass,Name,Area,% Area,Height,Width,USP Resolution,Asym @ 10,Asym,USP Tailing,USP Plate Count,Width @ Baseline,Width @ Tangent (USP Resolution),Width @ 5%,Width @ 50%
XBridge C18 ,AD0224,1,15T,170332,22.56,19150,54.5,,1.522599,18320.2552,1.443746,27152.66664,0.908333,0.2209,0.338879,0.128185
XBridge C18 ,AD0224,1,20T,157246,20.82,17009,44.1,14.953232,1.592854,30415.10744,1.452604,46462.40756,0.735,0.2316,0.347182,0.1338
XBridge C18 ,AD0224,1,25T,170688,22.6,18165,40.7,10.932731,1.606874,42240.9752,1.437312,64142.44494,0.678333,0.2376,0.348007,0.137173
XBridge C18 ,AD0224,1,30T,136563,18.08,14052,49.9,8.375642,1.655828,48802.84588,1.525441,80454.46227,0.831667,0.2404,0.37803,0.139244
XBridge C18 ,AD0224,1,35T,120332,15.93,12355,47.4,6.664937,1.696052,55405.91371,1.563523,94090.59218,0.79,0.2433,0.387974,0.14161
XBridge C18 ,AD0224,1,15T,213498,23.61,23177,52.95,,1.598886,16482.48689,1.48383,25369.52501,0.8825,0.228073,0.349844,0.132381
XBridge C18 ,AD0224,1,20T,185454,20.51,19873,44.1,14.738768,1.654341,29223.40904,1.488983,46036.13509,0.735,0.232599,0.350468,0.134077
XBridge C18 ,AD0224,1,25T,205925,22.77,21212,60.6,10.957221,1.73687,38172.36786,1.566426,64530.83824,1.01,0.236968,0.371965,0.136792
XBridge C18 ,AD0224,1,30T,158537,17.53,16375,52.9,8.422851,1.702255,48849.24814,1.543407,81490.75187,0.881667,0.238957,0.373279,0.138012
XBridge C18 ,AD0224,1,35T,140862,15.58,14470,56.95,6.712765,1.748295,53856.98234,1.610192,95333.3158,0.949167,0.241834,0.394211,0.140837
Acquity Oligo BEH C18 ,AD0022,1,15T,148910,21.65,22043,31,,1.54524,81703.02581,1.388355,118288.6906,0.516667,0.170348,0.244779,0.098815
Acquity Oligo BEH C18 ,AD0022,1,20T,146572,21.31,20288,29.45,20.881852,1.739709,97866.88105,1.564825,170131.8625,0.490833,0.177236,0.28243,0.102437
Acquity Oligo BEH C18 ,AD0022,1,25T,152620,22.19,20226,32.35,14.737528,1.785461,115340.3035,1.607826,210463.2865,0.539167,0.182462,0.296966,0.105127
Acquity Oligo BEH C18 ,AD0022,1,30T,118946,17.3,15050,26.85,11.056964,1.880493,113804.8614,1.705494,232836.2001,0.4475,0.19057,0.331583,0.110027
Acquity Oligo BEH C18 ,AD0022,1,35T,120640,17.54,14750,27.05,8.627029,1.902764,120165.7473,,255846.3499,0.450833,0.194949,,0.112668
Acquity Oligo BEH C18 ,AD0022,1,15T,130415,22.63,18554,47.2,,1.662892,71999.16168,1.500576,117998.2176,0.786667,0.170607,0.264758,0.098684
Acquity Oligo BEH C18 ,AD0022,1,20T,124519,21.61,16270,39.05,20.658388,1.848984,83926.12266,1.66709,163543.2085,0.650833,0.180821,0.305805,0.104214
Acquity Oligo BEH C18 ,AD0022,1,25T,126688,21.99,15997,32.4,14.425574,1.904688,96802.51191,1.74001,200656.3409,0.54,0.186931,0.329465,0.107961
Acquity Oligo BEH C18 ,AD0022,1,30T,97433,16.91,11674,30.9,10.75559,2.063619,95905.84339,1.889789,219726.5202,0.515,0.196217,0.365728,0.113132
Acquity Oligo BEH C18 ,AD0022,1,35T,97188,16.87,11588,26.4,8.451648,2.00978,104160.4076,,248318.3455,0.44,0.197946,,0.115221
XBridge C18 ,AD0175,1,15T,224164,22.47,21036,51.9,,1.654193,13181.83768,1.46632,19798.22053,0.865,0.269284,0.387876,0.156634
XBridge C18 ,AD0175,1,20T,208969,20.94,19246,45.8,12.322319,1.678178,22713.04544,1.463127,34456.85805,0.763333,0.276594,0.393287,0.160398
XBridge C18 ,AD0175,1,25T,233227,23.38,20680,56.1,8.857858,1.794309,28416.70076,1.565562,46685.11444,0.935,0.283552,0.419945,0.16473
XBridge C18 ,AD0175,1,30T,177814,17.82,15868,49.15,6.768601,1.786897,35630.54183,1.569362,58564.52314,0.819167,0.284968,0.424612,0.165766
XBridge C18 ,AD0175,1,35T,153538,15.39,13617,45.25,5.389572,1.843088,38926.63703,1.60012,67578.7438,0.754167,0.289085,0.435773,0.169049
XBridge C18 ,AD0175,1,15T,216679,22.57,20427,54.1,,1.653731,13393.78899,1.469772,20224.65983,0.901667,0.267724,0.386887,0.155787
XBridge C18 ,AD0175,1,20T,201733,21.01,18484,46.9,12.342383,1.677282,22641.87988,1.468008,34585.08258,0.781667,0.277041,0.396767,0.16062
XBridge C18 ,AD0175,1,25T,223983,23.33,19830,58.65,8.84047,1.802957,28224.89538,1.570264,46827.07418,0.9775,0.283923,0.421806,0.164837
XBridge C18 ,AD0175,1,30T,170294,17.73,15145,49.4,6.750469,1.795934,35175.30258,1.572088,58580.1837,0.823333,0.285618,0.425588,0.166134
XBridge C18 ,AD0175,1,35T,147546,15.37,13012,46.3,5.374823,1.875603,38121.67089,1.626778,67793.4527,0.771667,0.289235,0.440796,0.169567
Acquity Oligo BEH C18 ,AD0021,0,15T,119071,38.21,14055,54.3,,1.83709,48354.25765,1.777548,94575.96038,0.905,0.194034,0.351981,0.11236
Acquity Oligo BEH C18 ,AD0021,0,20T,71474,22.93,9292,38.7,18.879754,1.700766,93864.81874,1.547823,155723.9969,0.645,0.187744,0.293809,0.108809
Acquity Oligo BEH C18 ,AD0021,0,25T,56171,18.02,7312,33.7,14.119542,1.722247,120206.1988,1.577249,206819.5191,0.561667,0.186125,0.29757,0.10793
Acquity Oligo BEH C18 ,AD0021,0,30T,34528,11.08,4551,26.95,10.985499,1.834049,134521.0397,1.603005,247008.772,0.449167,0.186798,0.297477,0.107602
Acquity Oligo BEH C18 ,AD0021,0,35T,30415,9.76,4025,31.75,8.912848,1.713461,172238.9744,1.483914,289736.7914,0.529167,0.18478,0.2767,0.106859
XBridge C18 ,AD0131,1,15T,196212,25.65,20806,51.2,,1.58615,14709.86928,1.453719,22016.77018,0.853333,0.230802,0.347052,0.133845
XBridge C18 ,AD0131,1,20T,158434,20.71,16646,44.05,14.460643,1.518593,27374.65227,1.37359,40286.44673,0.734167,0.238202,0.348931,0.136641
XBridge C18 ,AD0131,1,25T,171759,22.45,17003,60.6,10.746586,1.570611,35552.67307,1.478651,56096.98739,1.01,0.245782,0.387294,0.141626
XBridge C18 ,AD0131,1,30T,127357,16.65,12302,49.45,8.104125,1.574842,42508.32123,1.487373,67751.05767,0.824167,0.254819,0.40288,0.146855
XBridge C18 ,AD0131,1,35T,111287,14.55,10379,64.45,6.307088,1.732298,41145.48164,1.70386,76841.79028,1.074167,0.262827,0.468756,0.152944
XBridge C18 ,AD0131,0,15T,160506,25.69,16200,51.1,,1.689002,12229.45141,1.527149,20387.93544,0.851667,0.239987,0.378903,0.138409
XBridge C18 ,AD0131,0,20T,127934,20.47,13049,42.35,13.975445,1.522897,25376.61647,1.385707,37989.14705,0.705833,0.24542,0.363427,0.140756
XBridge C18 ,AD0131,0,25T,139666,22.35,13492,59.45,10.462003,1.540102,34026.88292,1.469838,53378.8996,0.990833,0.252098,0.398523,0.144854
XBridge C18 ,AD0131,0,30T,105739,16.92,9831,60.8,7.926952,1.630819,38324.59078,1.584463,65322.20278,1.013333,0.259633,0.436598,0.150182
XBridge C18 ,AD0131,0,35T,91014,14.57,8364,53,6.204878,1.689411,42323.76414,1.618754,74893.56901,0.883333,0.266325,0.449498,0.154511
Acquity Oligo BEH C18 ,AD0021,0,15T,74588,48.76,8338,50.95,,2.097666,35999.63402,1.916915,86772.59865,0.849167,0.202712,0.383769,0.11731
Acquity Oligo BEH C18 ,AD0021,0,20T,33234,21.73,4206,29.25,18.217514,1.901721,76909.68191,1.615391,147771.2571,0.4875,0.192827,0.304364,0.111838
Acquity Oligo BEH C18 ,AD0021,0,25T,22324,14.59,2888,30.95,13.893544,1.911289,101593.3917,1.620111,204174.1791,0.515833,0.187429,0.303722,0.108537
Acquity Oligo BEH C18 ,AD0021,0,30T,12462,8.15,1662,24.25,10.901797,1.697587,146506.9066,1.459822,242121.7207,0.404167,0.188786,0.279219,0.106538
Acquity Oligo BEH C18 ,AD0021,0,35T,10364,6.78,1444,25.05,8.870247,1.567541,201512.119,1.327306,292259.5321,0.4175,0.184067,0.251608,0.10584
XBridge C18 ,AD0132,1,15T,216593,22.95,23538,52.35,,1.465661,15353.21766,1.322892,21367.74139,0.8725,0.230521,0.328394,0.133525
XBridge C18 ,AD0132,1,20T,193071,20.46,20130,46.2,14.527448,1.489383,26418.68394,1.350786,38936.5394,0.77,0.240061,0.35398,0.137893
XBridge C18 ,AD0132,1,25T,218259,23.13,21307,63.15,10.782474,1.587271,33281.6715,1.470412,54261.94749,1.0525,0.248592,0.395267,0.142565
XBridge C18 ,AD0132,1,30T,169107,17.92,15628,70.05,8.119506,1.643004,36764.85748,1.595614,64836.32889,1.1675,0.259844,0.448889,0.149298
XBridge C18 ,AD0132,1,35T,146721,15.55,13352,68.8,6.295757,1.711493,39140.7276,1.682272,73794.46462,1.146667,0.26803,0.482229,0.154922
XBridge C18 ,AD0132,1,15T,202024,23.2,21672,55.8,,1.548078,14360.70548,1.398364,21576.51041,0.93,0.229607,0.342858,0.132579
XBridge C18 ,AD0132,1,20T,174541,20.05,17844,50.3,14.520831,1.53992,24732.45944,1.398235,38538.45532,0.838333,0.241495,0.366709,0.138179
XBridge C18 ,AD0132,1,25T,196859,22.61,19054,63.6,10.703936,1.565638,33348.38765,1.437891,53392.30078,1.06,0.250779,0.389398,0.143366
XBridge C18 ,AD0132,1,30T,155942,17.91,14191,62.3,8.029663,1.655481,35380.19225,1.585233,63401.39327,1.038333,0.262896,0.44992,0.151026
XBridge C18 ,AD0132,1,35T,141291,16.23,12369,68.05,6.212893,1.90057,31890.35536,1.924829,71989.95759,1.134167,0.271463,0.552777,0.157741
Acquity Oligo BEH C18 ,AD0008,0,15T,100883,27.08,8828,40.5,,0.929066,46564.4562,1.040382,41785.85681,0.675,0.31096,0.375743,0.178784
Acquity Oligo BEH C18 ,AD0008,0,20T,84687,22.73,7028,39.15,10.689444,0.943385,59427.16327,1.056068,53762.13352,0.6525,0.333573,0.406715,0.187939
Acquity Oligo BEH C18 ,AD0008,0,25T,76498,20.53,6121,38.3,7.379435,0.896962,70398.71658,1.026988,63267.02873,0.638333,0.347457,0.423356,0.193523
Acquity Oligo BEH C18 ,AD0008,0,30T,54504,14.63,4133,42.5,5.58351,1.044744,64589.54157,1.175477,73821.58726,0.708333,0.350341,0.494306,0.198294
Acquity Oligo BEH C18 ,AD0008,0,35T,56018,15.03,3911,48.85,4.151824,1.236459,50802.72299,1.313918,68200.63651,0.814167,0.408045,0.58589,0.210769
Acquity Oligo BEH C18 ,AD0008,0,15T,78012,36.3,6434,49.95,,1.184129,33969.70031,1.295442,40850.54428,0.8325,0.313901,0.45764,0.179625
Acquity Oligo BEH C18 ,AD0008,0,20T,50106,23.32,3956,51,10.713376,1.212204,42567.10552,1.269774,54694.33596,0.85,0.330302,0.478167,0.18638
Acquity Oligo BEH C18 ,AD0008,0,25T,40048,18.64,2835,57.15,7.403525,1.466981,34866.83149,1.559601,62516.03157,0.9525,0.349189,0.621821,0.195387
Acquity Oligo BEH C18 ,AD0008,0,30T,22778,10.6,1639,43.95,5.513656,1.397704,43488.78013,1.321324,71475.96405,0.7325,0.355642,0.538007,0.199028
Acquity Oligo BEH C18 ,AD0008,0,35T,23949,11.14,1555,53.7,4.286332,1.575712,34600.50739,1.481335,71381.01382,0.895,0.379466,0.648709,0.212809
XBridge C18 ,AD0124,1,15T,226682,22.6,24191,47.25,,1.496446,14872.99307,1.327398,20611.16714,0.7875,0.23977,0.330955,0.13927
XBridge C18 ,AD0124,1,20T,211541,21.09,21785,40.75,13.958482,1.552716,26055.03511,1.355685,37267.3367,0.679167,0.248994,0.344191,0.144443
XBridge C18 ,AD0124,1,25T,229697,22.9,23295,38.95,10.365696,1.584558,36902.29156,1.36462,52687.39158,0.649167,0.254924,0.347923,0.147386
XBridge C18 ,AD0124,1,30T,177282,17.68,17977,34.9,7.979196,1.548043,48549.31417,1.341292,67614.9193,0.581667,0.256413,0.345619,0.148079
XBridge C18 ,AD0124,1,35T,157713,15.73,15606,48.85,6.362459,1.631933,51704.76013,1.448262,79305.96149,0.814167,0.260099,0.376397,0.151121
XBridge C18 ,AD0124,1,15T,219253,22.8,23314,49.95,,1.508856,14711.89562,1.334511,20656.46928,0.8325,0.239718,0.333289,0.139283
XBridge C18 ,AD0124,1,20T,202636,21.07,20786,42.8,13.958367,1.540687,26115.80393,1.356374,37235.43268,0.713333,0.249293,0.347046,0.144409
XBridge C18 ,AD0124,1,25T,218052,22.67,22075,37.45,10.348002,1.568362,37044.02631,1.360993,52565.08837,0.624167,0.255372,0.349236,0.147223
XBridge C18 ,AD0124,1,30T,172956,17.98,17000,48.85,7.935388,1.628581,43987.44636,1.42437,66658.51856,0.814167,0.258353,0.368908,0.149237
XBridge C18 ,AD0124,1,35T,148917,15.48,14659,46.85,6.325028,1.6613,51047.33464,1.470735,79095.35524,0.780833,0.260512,0.378202,0.151262
Acquity Oligo BEH C18 ,AD0076,0,15T,129683,32.13,17969,38.45,,1.716969,82957.53871,1.526809,142189.7381,0.640833,0.172979,0.274761,0.099816
Acquity Oligo BEH C18 ,AD0076,0,20T,92541,22.93,11955,38.7,20.592243,1.889132,97044.54138,1.671824,190298.6138,0.645,0.183145,0.307668,0.104884
Acquity Oligo BEH C18 ,AD0076,0,25T,76970,19.07,9876,33.7,14.248763,1.835993,125629.2959,1.610413,228522.8174,0.561667,0.189332,0.300253,0.108291
Acquity Oligo BEH C18 ,AD0076,0,30T,56065,13.89,6523,48.75,11.158348,2.12099,107096.0438,2.273374,305547.5053,0.8125,0.178592,0.43344,0.107791
Acquity Oligo BEH C18 ,AD0076,0,35T,48303,11.97,5642,38.2,9.331482,2.236718,106931.4231,2.161557,355267.5176,0.636667,0.17675,0.415968,0.110125
Acquity Oligo BEH C18 ,AD0323,1,15T,224027,23.46,28336,47.1,,1.824762,24272.6305,1.53634,40136.58465,0.785,0.197779,0.288997,0.114432
Acquity Oligo BEH C18 ,AD0323,1,20T,212885,22.29,23354,43.45,17.496163,2.07367,30019.46679,1.696775,58472.88131,0.724167,0.225047,0.345473,0.129221
Acquity Oligo BEH C18 ,AD0323,1,25T,208548,21.84,21249,36.25,11.767747,2.144116,35876.06753,1.709822,70970.96839,0.604167,0.245876,0.367412,0.140462
Acquity Oligo BEH C18 ,AD0323,1,30T,150398,15.75,14490,33.9,8.475255,2.11342,41710.88924,1.670715,79972.82959,0.565,0.262071,0.380108,0.149959
Acquity Oligo BEH C18 ,AD0323,1,35T,159035,16.65,13621,58.95,6.413974,2.700081,28969.38941,2.183303,86176.39232,0.9825,0.275974,0.505797,0.160897
XBridge C18 ,AD0103,0,15T,227586,23.1,23350,54.2,,1.458565,19807.04576,1.306575,25668.56069,0.903333,0.248686,0.333101,0.144778
XBridge C18 ,AD0103,0,20T,207809,21.1,21135,43.7,13.33317,1.495424,33507.25997,1.323884,44318.82624,0.728333,0.25278,0.3385,0.146715
XBridge C18 ,AD0103,0,25T,223372,22.68,22254,40.75,9.635976,1.529415,43749.49613,1.338934,59117.05011,0.679167,0.259469,0.34767,0.150133
XBridge C18 ,AD0103,0,30T,175848,17.85,16776,49.3,7.296072,1.651662,46569.37571,1.47842,71277.00174,0.821667,0.264966,0.387461,0.153875
XBridge C18 ,AD0103,0,35T,150479,15.28,14002,49.05,5.712393,1.783852,46451.23348,1.599606,79009.42052,0.8175,0.273555,0.423048,0.159799
XBridge C18 ,AD0103,1,15T,216253,23.41,22104,53.45,,1.499597,19257.02771,1.3399,25633.59337,0.890833,0.248895,0.336979,0.145024
XBridge C18 ,AD0103,1,20T,195537,21.16,19774,43.75,13.327804,1.500566,33139.21107,1.331104,44101.35995,0.729167,0.253528,0.340407,0.147016
XBridge C18 ,AD0103,1,25T,208860,22.61,20658,40.2,9.603333,1.542853,43023.73467,1.353151,58594.74943,0.67,0.260755,0.351139,0.150812
XBridge C18 ,AD0103,1,30T,164366,17.79,15439,63,7.244223,1.681273,44362.92178,1.538451,69860.42894,1.05,0.267779,0.406221,0.155531
XBridge C18 ,AD0103,1,35T,138920,15.04,12630,52.05,5.6488,1.803847,43331.83452,1.6382,76854.08581,0.8675,0.277527,0.443263,0.162186
Acquity Oligo BEH C18 ,AD0323,1,15T,209894,26.05,25847,53.45,,1.915204,22139.09255,1.623397,39940.35217,0.890833,0.19852,0.305403,0.114683
Acquity Oligo BEH C18 ,AD0323,1,20T,185919,23.07,19492,43.9,17.211549,2.16356,26638.24675,1.773862,55420.93161,0.731667,0.231391,0.366319,0.13267
Acquity Oligo BEH C18 ,AD0323,1,25T,167961,20.84,16383,35.35,11.37159,2.205306,32725.23459,1.755529,65819.87651,0.589167,0.255488,0.382867,0.145901
Acquity Oligo BEH C18 ,AD0323,1,30T,124185,15.41,10609,53.65,8.120388,2.592856,27262.42199,2.133079,73073.64674,0.894167,0.274305,0.48585,0.159131
Acquity Oligo BEH C18 ,AD0323,1,35T,117930,14.63,9562,61.75,6.170379,2.91808,24378.11603,2.325577,80619.35195,1.029167,0.285483,0.53921,0.166482
XBridge C18 ,AD0068,1,15T,213692,22.41,24820,51.1,,1.691019,14955.02693,1.497057,24437.64047,0.851667,0.212657,0.324558,0.123565
XBridge C18 ,AD0068,1,20T,202463,21.23,22457,43.4,15.461002,1.710657,25937.16813,1.496326,43634.24957,0.723333,0.223748,0.343003,0.128596
XBridge C18 ,AD0068,1,25T,217656,22.82,23409,41.05,11.448182,1.732435,35981.7537,1.490321,60201.31137,0.684167,0.233123,0.349544,0.133557
XBridge C18 ,AD0068,1,30T,170888,17.92,17215,52,8.644678,1.782299,39431.89251,1.570497,72866.57892,0.866667,0.24235,0.389789,0.139526
XBridge C18 ,AD0068,1,35T,148970,15.62,14496,54,6.703474,1.872089,41411.99076,1.663158,82601.34842,0.9,0.250618,0.420779,0.145028
XBridge C18 ,AD0068,1,15T,199011,22.56,23047,51.5,,1.716564,14611.41628,1.518549,24690.56869,0.858333,0.211796,0.329227,0.122675
XBridge C18 ,AD0068,1,20T,187135,21.22,20536,42.45,15.478789,1.709727,25329.34143,1.505698,43429.1348,0.7075,0.224509,0.349228,0.12899
XBridge C18 ,AD0068,1,25T,199232,22.59,21199,40.05,11.400801,1.712908,35645.55201,1.488313,59666.1261,0.6675,0.234376,0.353889,0.134467
XBridge C18 ,AD0068,1,30T,159619,18.1,15417,67.6,8.561979,1.875956,35461.67269,1.687894,71349.34223,1.126667,0.245065,0.420388,0.141566
XBridge C18 ,AD0068,1,35T,137060,15.54,12943,67.75,6.632237,1.95547,37255.85229,1.762856,80891.47107,1.129167,0.253405,0.450695,0.147126
Acquity BEH C18 ,AD0181,0,15T,41473,34.79,3909,69.7,,1.907946,113398.2279,1.833682,220187.1459,1.161667,0.241552,0.434465,0.139792
Acquity BEH C18 ,AD0181,0,20T,23054,19.34,2153,54,32.779287,2.065555,158555.4125,1.895794,351598.4878,0.9,0.244942,0.44949,0.140961
Acquity BEH C18 ,AD0181,0,25T,19688,16.52,1768,57.6,22.872808,1.897504,229977.0016,1.702251,415460.4338,0.96,0.261257,0.420923,0.148278
Acquity BEH C18 ,AD0181,0,30T,15437,12.95,1352,45.25,16.729036,2.057228,254198.8153,1.831592,461074.5746,0.754167,0.274391,0.429025,0.156627
Acquity BEH C18 ,AD0181,0,35T,19553,16.4,1551,52.3,12.75549,1.731565,272616.884,1.614309,464591.8888,0.871667,0.294648,0.466292,0.167014
Acquity Oligo BEH C18 ,AD0278,1,15T,214852,27.46,27112,53.15,,1.827793,25413.57287,1.605691,43550.96302,0.885833,0.192578,0.297017,0.111607
Acquity Oligo BEH C18 ,AD0278,1,20T,165547,21.16,19361,42.55,18.398473,2.006254,36453.80157,1.723089,70584.43559,0.709167,0.206549,0.330858,0.119019
Acquity Oligo BEH C18 ,AD0278,1,25T,149327,19.09,17146,35.1,12.929155,1.890759,52533.49055,1.605953,92262.27657,0.585,0.216693,0.325702,0.12489
Acquity Oligo BEH C18 ,AD0278,1,30T,115967,14.82,12959,35.25,9.620369,1.828873,64957.4569,1.538224,109145.0228,0.5875,0.224951,0.32658,0.129805
Acquity Oligo BEH C18 ,AD0278,1,35T,136678,17.47,14196,53.3,7.456963,2.064296,58554.45085,1.830815,121865.5622,0.888333,0.232427,0.395473,0.135555
XBridge C18 ,AD0065,1,15T,197944,24.78,21384,48.45,,1.68249,11848.44345,1.505674,19209.25893,0.8075,0.226966,0.346877,0.131856
XBridge C18 ,AD0065,1,20T,166561,20.85,17632,41.5,14.288138,1.614046,22441.24545,1.454638,36470.82921,0.691667,0.233642,0.357357,0.133835
XBridge C18 ,AD0065,1,25T,182416,22.83,18080,59.5,10.799135,1.685099,29545.9521,1.557349,51614.84096,0.991667,0.241575,0.392749,0.138175
XBridge C18 ,AD0065,1,30T,133009,16.65,12777,50,8.191653,1.711224,35270.94405,1.583481,63183.73453,0.833333,0.250408,0.410142,0.144075
XBridge C18 ,AD0065,1,35T,118980,14.89,11006,68.3,6.42057,1.853785,36343.66769,1.814209,74063.80143,1.138333,0.255139,0.474017,0.148104
XBridge C18 ,AD0065,1,15T,169398,25.13,18159,49.5,,1.727637,11385.121,1.550134,19526.46888,0.825,0.225289,0.356385,0.130181
XBridge C18 ,AD0065,1,20T,139236,20.65,14380,41.85,14.210811,1.610098,21474.23985,1.465033,35169.41743,0.6975,0.238096,0.367088,0.135984
XBridge C18 ,AD0065,1,25T,143707,21.32,14565,39.3,10.638066,1.579088,32141.42624,1.427952,50316.32885,0.655,0.244867,0.364165,0.140008
XBridge C18 ,AD0065,1,30T,117179,17.38,10447,67.55,8.06147,1.901155,29411.15793,1.840262,61214.45101,1.125833,0.254547,0.473733,0.147004
XBridge C18 ,AD0065,1,35T,104662,15.52,9049,86.4,6.327431,2.082967,29341.69217,2.070807,72205.5108,1.44,0.258538,0.537434,0.150827
Acquity Oligo BEH C18 ,AD0278,0,15T,137080,41.88,13908,55.8,,3.339858,8772.510004,2.752686,39118.48573,0.93,0.203828,0.457441,0.117939
Acquity Oligo BEH C18 ,AD0278,0,20T,48765,14.9,3999,57.35,16.387045,3.845864,8836.686879,2.929168,50060.97736,0.955833,0.246083,0.560275,0.142559
Acquity Oligo BEH C18 ,AD0278,0,25T,43450,13.27,4249,47.85,11.537541,2.99307,23390.79918,2.498083,85293.77867,0.7975,0.225811,0.45985,0.130974
Acquity Oligo BEH C18 ,AD0278,0,30T,41034,12.54,4182,37.3,9.232177,2.226855,45044.08672,1.841206,102425.2499,0.621667,0.232506,0.386726,0.13312
Acquity Oligo BEH C18 ,AD0278,0,35T,56981,17.41,5604,41.2,7.209051,2.264239,48565.84598,1.9027,114356.6652,0.686667,0.240197,0.412194,0.138427
Acquity BEH C18 ,AD0225,0,15T,178191,36.52,23722,55.2,,1.752755,32574.2597,1.591229,53933.01682,0.92,0.179289,0.28106,0.103887
Acquity BEH C18 ,AD0225,0,20T,117096,24,15667,42.15,20.635623,1.863894,56164.27723,1.671173,99599.1353,0.7025,0.178756,0.286063,0.103058
Acquity BEH C18 ,AD0225,0,25T,98226,20.13,12598,56.25,15.007421,1.989588,72909.43492,1.837704,143622.6315,0.9375,0.177038,0.308181,0.102669
Acquity BEH C18 ,AD0225,0,30T,57321,11.75,7080,62.55,11.557471,2.157607,78772.36874,2.053245,185142.1158,1.0425,0.174831,0.34459,0.101038
Acquity BEH C18 ,AD0225,0,35T,37118,7.61,4957,42.2,9.34338,1.903008,112965.1938,1.797527,226476.007,0.703333,0.171681,0.310522,0.098737
Acquity BEH C18 ,AD0225,0,15T,138594,51.05,16927,56.45,,2.244071,21741.3164,2.019502,52116.03972,0.940833,0.182725,0.342285,0.105473
Acquity BEH C18 ,AD0225,0,20T,71006,26.15,8012,66.1,20.304287,2.814403,27732.38555,2.588096,95833.56581,1.101667,0.182682,0.411288,0.105997
Acquity BEH C18 ,AD0225,0,25T,44678,16.46,4483,71.05,14.86894,3.184167,33968.59965,3.093167,143460.6916,1.184167,0.177597,0.462272,0.099975
Acquity BEH C18 ,AD0225,0,30T,11994,4.42,1570,29.45,11.597718,2.361403,71069.78583,1.948364,187305.3002,0.490833,0.174286,0.318252,0.097492
Acquity BEH C18 ,AD0225,0,35T,5226,1.92,760,22,9.401243,1.889049,127764.3783,1.544955,233320.5422,0.366667,0.169541,0.258343,0.094439
Acquity Oligo BEH C18 ,AD0244,0,15T,210666,21.49,24346,51.85,,1.497967,28428.41597,1.30904,37085.15142,0.864167,0.224324,0.295442,0.130299
Acquity Oligo BEH C18 ,AD0244,0,20T,202021,20.61,19174,41.65,14.95905,1.676297,31710.29765,1.412521,44957.84534,0.694167,0.274061,0.365002,0.158975
Acquity Oligo BEH C18 ,AD0244,0,25T,209229,21.34,16947,37.2,9.218561,1.7326,31763.75654,1.415088,44897.78489,0.62,0.3265,0.419249,0.188927
Acquity Oligo BEH C18 ,AD0244,0,30T,171542,17.5,11561,51.6,6.071487,1.877017,25375.51642,1.587684,40488.12853,0.86,0.386871,0.542319,0.226459
Acquity Oligo BEH C18 ,AD0244,0,35T,186933,19.07,10736,59.2,4.138854,1.982571,20686.82605,1.583268,34566.26793,0.986667,0.456239,0.629213,0.266483
Acquity Oligo BEH C18 ,AD0244,0,15T,204178,21.61,23553,47.8,,1.51511,28127.36158,1.327895,37149.18223,0.796667,0.224186,0.29725,0.130224
Acquity Oligo BEH C18 ,AD0244,0,20T,193482,20.48,18282,42.05,14.967735,1.692846,31222.49169,1.42642,44887.80599,0.700833,0.274394,0.36802,0.159257
Acquity Oligo BEH C18 ,AD0244,0,25T,199848,21.15,16165,37.4,9.212208,1.732018,31765.60818,1.417365,44816.91929,0.623333,0.326946,0.419672,0.189161
Acquity Oligo BEH C18 ,AD0244,0,30T,165453,17.51,11113,52.4,6.06601,1.901174,24953.47538,1.608221,40504.89229,0.873333,0.386942,0.548211,0.227037
Acquity Oligo BEH C18 ,AD0244,0,35T,181921,19.25,10391,60.5,4.131012,1.972061,20625.9553,1.579321,34192.85749,1.008333,0.45894,0.63091,0.267533
Acquity Oligo BEH C18 ,AD0218,1,15T,205329,28.48,29218,51.2,,1.512299,37331.45777,1.335407,53747.68149,0.853333,0.174094,0.254331,0.100725
Acquity Oligo BEH C18 ,AD0218,1,20T,165971,23.02,23168,40,19.584765,1.748199,57585.84923,1.518874,94128.05355,0.666667,0.176287,0.266329,0.101582
Acquity Oligo BEH C18 ,AD0218,1,25T,153043,21.22,21181,35.65,13.965519,1.794811,78728.6431,1.554928,128724.7379,0.594167,0.178356,0.265921,0.102533
Acquity Oligo BEH C18 ,AD0218,1,30T,107899,14.96,14026,47.55,10.571696,1.875167,85689.48678,1.698872,158872.1761,0.7925,0.179528,0.298892,0.10399
Acquity Oligo BEH C18 ,AD0218,1,35T,88835,12.32,11387,52.7,8.351663,1.88508,96906.02036,1.755584,184270.4089,0.878333,0.180715,0.313539,0.105001
Acquity Oligo BEH C18 ,AD0218,0,15T,172254,33.87,23163,53.4,,1.945097,28196.99059,1.732275,53904.86858,0.89,0.173782,0.290173,0.100416
Acquity Oligo BEH C18 ,AD0218,0,20T,127955,25.16,14613,69.35,19.508275,2.468349,32410.67008,2.285201,91327.76249,1.155833,0.179066,0.372057,0.102939
Acquity Oligo BEH C18 ,AD0218,0,25T,106860,21.01,11484,66.9,13.745791,2.563417,42130.32353,2.40288,123964.934,1.115,0.18188,0.391634,0.104129
Acquity Oligo BEH C18 ,AD0218,0,30T,57292,11.26,6798,41.55,10.429269,2.30944,62406.15277,2.047396,156676.0105,0.6925,0.1809,0.341462,0.103006
Acquity Oligo BEH C18 ,AD0218,0,35T,44239,8.7,5429,40.1,8.345069,2.158123,79737.31287,1.936696,186415.2235,0.668333,0.179787,0.332796,0.102807
Acquity Oligo BEH C18 ,AD0075,0,15T,70069,32.76,9817,35.15,,1.934502,68423.97726,1.704103,121787.4072,0.585833,0.173742,0.272348,0.100485
Acquity Oligo BEH C18 ,AD0075,0,20T,48048,22.46,6514,33.95,20.048424,2.10785,88413.01912,1.824784,173899.1015,0.565833,0.179348,0.290859,0.104225
Acquity Oligo BEH C18 ,AD0075,0,25T,41384,19.35,5682,37.05,14.331072,1.938261,127557.6122,1.662125,226139.439,0.6175,0.178864,0.273373,0.10418
Acquity Oligo BEH C18 ,AD0075,0,30T,28360,13.26,4007,29.9,12.047843,1.746329,170268.2615,1.51663,381697.1842,0.498333,0.150521,0.259546,0.09511
Acquity Oligo BEH C18 ,AD0075,0,35T,26049,12.18,3824,27.85,10.587172,1.6863,210518.374,1.461884,438562.5417,0.464167,0.150033,0.24749,0.09435
Acquity Oligo BEH C18 ,AD0151,0,15T,160896,24.68,16078,46.7,,2.103689,18706.64975,1.643811,32939.88735,0.778333,0.252997,0.349895,0.146557
Acquity Oligo BEH C18 ,AD0151,0,20T,137549,21.09,13999,40,14.107166,2.113012,33351.13308,1.659085,56823.86536,0.666667,0.252449,0.342803,0.14629
Acquity Oligo BEH C18 ,AD0151,0,25T,134649,20.65,13851,32.55,10.215999,2.083182,47529.71934,1.623044,77028.19969,0.5425,0.25412,0.333694,0.146892
Acquity Oligo BEH C18 ,AD0151,0,30T,103900,15.93,10901,29.95,7.931342,2.010868,62477.55967,1.566274,97649.69875,0.499167,0.251357,0.324458,0.145329
Acquity Oligo BEH C18 ,AD0151,0,35T,115053,17.64,11591,44.8,6.347267,2.07185,65019.79575,1.659869,109437.9242,0.746667,0.256939,0.352505,0.149352
Acquity BEH C18 ,AD0197,1,15T,230781,23.72,36086,35.2,,1.644084,36934.64072,1.38784,51754.18432,0.586667,0.164445,0.221954,0.095569
Acquity BEH C18 ,AD0197,1,20T,216980,22.3,31450,43.4,21.336059,1.746083,57954.80972,1.473957,88295.2508,0.723333,0.174587,0.246158,0.100805
Acquity BEH C18 ,AD0197,1,25T,228350,23.47,32123,36.8,15.123452,1.78518,77549.37784,1.500864,119155.7346,0.613333,0.181489,0.255043,0.104434
Acquity BEH C18 ,AD0197,1,30T,163724,16.82,22840,34.2,11.618716,1.687339,99368.83362,1.45256,160765.547,0.57,0.177024,0.259617,0.10348
Acquity BEH C18 ,AD0197,1,35T,133280,13.7,17741,46.6,9.210812,1.806891,96636.34016,1.686953,175500.2883,0.776667,0.185365,0.312203,0.106975
Acquity BEH C18 ,AD0197,1,15T,225172,24.19,34931,42.7,,1.682496,35919.48078,1.425377,52312.58437,0.711667,0.163723,0.226435,0.094991
Acquity BEH C18 ,AD0197,1,20T,208965,22.45,29910,43.85,21.410487,1.769604,56183.00019,1.515828,88523.40268,0.730833,0.174543,0.253721,0.100665
Acquity BEH C18 ,AD0197,1,25T,217227,23.34,30382,36.7,15.146037,1.782515,76883.47638,1.509584,119719.286,0.611667,0.181237,0.257808,0.104426
Acquity BEH C18 ,AD0197,1,30T,153631,16.5,21356,32.8,11.648587,1.687503,98024.02468,1.462415,161817.383,0.546667,0.176614,0.263092,0.103894
Acquity BEH C18 ,AD0197,1,35T,125850,13.52,16587,45.9,9.171481,1.808785,95180.23444,1.703885,171726.6796,0.765,0.187563,0.317159,0.107361
Acquity Oligo BEH C18 ,AD0151,0,15T,128136,28.92,12506,43.65,,2.403948,16064.67513,1.885615,32893.90286,0.7275,0.253107,0.37569,0.146995
Acquity Oligo BEH C18 ,AD0151,0,20T,92640,20.91,9155,40.85,14.192754,2.470444,27410.0954,1.940849,57964.98735,0.680833,0.249982,0.374491,0.144844
Acquity Oligo BEH C18 ,AD0151,0,25T,83253,18.79,8568,33.55,10.475328,2.371234,42465.36846,1.827118,83161.3792,0.559167,0.244639,0.347326,0.141887
Acquity Oligo BEH C18 ,AD0151,0,30T,66392,14.99,6715,43.2,8.237891,2.329522,51622.06585,1.858475,105029.1265,0.72,0.242449,0.365338,0.141093
Acquity Oligo BEH C18 ,AD0151,0,35T,72607,16.39,7513,39.35,6.61399,2.208295,65402.44445,1.756536,120697.6841,0.655833,0.244714,0.348669,0.141908
Acquity BEH C18 ,AD0115,0,15T,133156,44.49,12415,52.55,,2.392929,7534.245727,2.048134,21267.94485,0.875833,0.240888,0.468364,0.136871
Acquity BEH C18 ,AD0115,0,20T,69877,23.35,4918,59.45,12.735563,2.935841,6875.880545,2.335605,25928.4501,0.990833,0.304427,0.615564,0.1735
Acquity BEH C18 ,AD0115,0,25T,52332,17.48,3306,68,8.568924,3.867776,5959.426206,2.879658,36542.13858,1.133333,0.311668,0.722491,0.178518
Acquity BEH C18 ,AD0115,0,30T,25208,8.42,1819,45.95,6.773188,3.293653,11832.6073,2.42052,52117.78878,0.765833,0.297096,0.578293,0.168619
Acquity BEH C18 ,AD0115,0,35T,18743,6.26,1441,43,5.716391,3.072473,17020.94829,2.234534,68975.31316,0.716667,0.283527,0.54576,0.161375
Acquity BEH C18 ,AD0115,0,15T,70511,87.48,3915,91,,4.766804,1143.231021,3.74878,10734.04242,1.516667,0.34115,0.976916,0.20075
Acquity BEH C18 ,AD0115,0,20T,7476,9.28,325,57.8,8.20843,4.611985,1955.137691,2.82209,9423.744761,0.963333,0.507637,0.811215,0.311698
Acquity BEH C18 ,AD0115,0,25T,1776,2.2,139,29.4,8.66747,2.959199,12917.79593,1.966883,402847.2653,0.49,0.094076,0.417285,0.175365
Acquity BEH C18 ,AD0115,0,30T,432,0.54,60,15.1,17.681685,0.722412,160948.15,0.902192,174023.6417,0.251667,0.140477,0.20546,0.108654
Acquity BEH C18 ,AD0115,0,35T,410,0.51,54,19.9,8.890771,2.876923,76418.50291,1.73584,127063.513,0.331667,0.222573,0.227962,0.123162
Acquity Oligo BEH C18 ,AD0029,0,15T,231774,21.31,20191,49.1,,1.26472,12854.98835,1.165102,16674.42112,0.818333,0.291478,0.405322,0.170217
Acquity Oligo BEH C18 ,AD0029,0,20T,219908,20.22,17658,45.55,11.750667,1.232548,19259.59753,1.129874,27348.16095,0.759167,0.313583,0.459264,0.181817
Acquity Oligo BEH C18 ,AD0029,0,25T,227811,20.95,17981,42.9,8.416044,1.206392,26298.62033,1.098249,38044.33528,0.715,0.320599,0.475686,0.184605
Acquity Oligo BEH C18 ,AD0029,0,30T,189527,17.43,14168,57.8,6.407164,1.287197,27628.41311,1.168613,46922.2692,0.963333,0.32699,0.545937,0.188499
Acquity Oligo BEH C18 ,AD0029,0,35T,218409,20.08,15085,63.6,4.947777,1.115671,27871.20786,1.090208,50891.05548,1.06,0.343387,0.610298,0.196973
Acquity Oligo BEH C18 ,AD0029,0,15T,189223,22.51,16882,44.85,,1.328452,13031.70059,1.20603,17803.69618,0.7475,0.282763,0.405799,0.16466
Acquity Oligo BEH C18 ,AD0029,0,20T,173380,20.62,14041,48.3,12.021073,1.285379,19538.51093,1.168681,28227.90435,0.805,0.309284,0.464146,0.17876
Acquity Oligo BEH C18 ,AD0029,0,25T,173862,20.68,13744,43.9,8.477478,1.213532,27009.14032,1.106431,38183.19958,0.731667,0.320577,0.473746,0.184167
Acquity Oligo BEH C18 ,AD0029,0,30T,142335,16.93,10396,60.2,6.326392,1.326498,27058.98134,1.233515,44875.36265,1.003333,0.334858,0.570609,0.192568
Acquity Oligo BEH C18 ,AD0029,0,35T,161940,19.26,11117,61.25,4.840776,1.128592,28230.62157,1.101851,49108.06906,1.020833,0.350023,0.60725,0.199955
Acquity BEH C18 ,AD0114,1,15T,222727,25.87,34154,31.95,,1.397166,32214.20733,1.227946,38877.38863,0.5325,0.171327,0.219181,0.099256
Acquity BEH C18 ,AD0114,1,20T,195388,22.69,26950,31.6,19.036414,1.495543,49111.56372,1.285346,61918.96538,0.526667,0.19123,0.2454,0.110072
Acquity BEH C18 ,AD0114,1,25T,196360,22.81,25152,29.95,13.33825,1.594344,60336.4914,1.339047,78883.09749,0.499167,0.207275,0.265593,0.118896
Acquity BEH C18 ,AD0114,1,30T,141024,16.38,16304,45.35,9.676472,1.604542,64976.12599,1.378334,88394.63841,0.755833,0.223871,0.297862,0.129577
Acquity BEH C18 ,AD0114,1,35T,105449,12.25,11422,39.35,7.431192,1.653689,64152.8055,1.431518,102503.4625,0.655833,0.228912,0.330329,0.137233
Acquity BEH C18 ,AD0114,0,15T,204723,28.51,31033,31.3,,1.400113,31464.99785,1.241722,38630.76211,0.521667,0.17193,0.223891,0.099513
Acquity BEH C18 ,AD0114,0,20T,167436,23.32,22908,30.9,18.989956,1.473933,48815.54251,1.283716,61422.75333,0.515,0.192142,0.248911,0.110403
Acquity BEH C18 ,AD0114,0,25T,158316,22.05,20203,30.75,13.308254,1.526815,61828.44038,1.30724,78473.32141,0.5125,0.208011,0.266305,0.119388
Acquity BEH C18 ,AD0114,0,30T,109321,15.23,12410,47.15,9.856851,1.550921,65028.69472,1.369643,95320.38918,0.785833,0.215797,0.304367,0.126746
Acquity BEH C18 ,AD0114,0,35T,78229,10.9,8366,43.95,7.336771,1.635203,62022.09012,1.455654,90908.62976,0.7325,0.243315,0.345498,0.138765
Acquity BEH C18 ,AD0010,1,15T,252620,23.79,34748,47.45,,1.607788,27071.90268,1.365414,37024.04514,0.790833,0.189048,0.252793,0.10968
Acquity BEH C18 ,AD0010,1,20T,231840,21.83,27923,42.3,17.547525,1.910235,35015.64842,1.542226,55731.17482,0.705,0.214005,0.292448,0.124125
Acquity BEH C18 ,AD0010,1,25T,246628,23.22,26684,37.95,11.720763,2.155438,37757.16093,1.673128,64854.05264,0.6325,0.240191,0.323564,0.138566
Acquity BEH C18 ,AD0010,1,30T,181838,17.12,18828,33.1,8.489628,2.161518,42555.10144,1.657355,76450.08975,0.551667,0.251415,0.334376,0.145005
Acquity BEH C18 ,AD0010,1,35T,149004,14.03,14484,36.1,6.497405,2.187699,44956.67135,1.756114,80824.77908,0.601667,0.26827,0.367683,0.155993
Acquity BEH C18 ,AD0010,1,15T,236386,23.8,32400,50.1,,1.618071,26729.75708,1.379057,37181.86517,0.835,0.18861,0.255703,0.109442
Acquity BEH C18 ,AD0010,1,20T,216670,21.82,25937,42.9,17.60237,1.906793,34609.88158,1.573435,55957.72298,0.715,0.213603,0.302437,0.123789
Acquity BEH C18 ,AD0010,1,25T,230241,23.18,24747,39.1,11.769418,2.145644,37359.66672,1.734126,65164.60339,0.651667,0.239743,0.342373,0.138251
Acquity BEH C18 ,AD0010,1,30T,170102,17.13,17384,37,8.512102,2.175956,41489.8943,1.731947,76369.94586,0.616667,0.251734,0.360844,0.145035
Acquity BEH C18 ,AD0010,1,35T,139789,14.07,13350,41.65,6.502107,2.355247,37377.46358,1.720115,80521.14854,0.694167,0.269024,0.38154,0.156756
Acquity Oligo BEH C18 ,AD0151,0,15T,23753,35.43,2111,34.85,,1.914041,19529.32036,1.466793,35001.92407,0.580833,0.289211,0.419745,0.165109
Acquity Oligo BEH C18 ,AD0151,0,20T,16322,24.35,1323,45.5,12.491554,2.36462,24744.11698,1.838035,51704.44547,0.758333,0.303026,0.456795,0.170683
Acquity Oligo BEH C18 ,AD0151,0,25T,12636,18.85,1002,46.4,8.933786,2.894625,22397.15883,2.034107,72931.28023,0.773333,0.294691,0.510269,0.173861
Acquity Oligo BEH C18 ,AD0151,0,30T,6425,9.59,579,30.4,7.098234,2.663909,40650.78845,1.888364,101775.4739,0.506667,0.286007,0.400819,0.165704
Acquity Oligo BEH C18 ,AD0151,0,35T,7897,11.78,615,32.5,5.242474,3.338626,22832.94734,2.194781,101809.539,0.541667,0.348657,0.518948,0.179274
Acquity BEH C18 ,AD0006,1,15T,153523,21.17,21019,46.9,,1.377188,20105.11377,1.249643,26151.8021,0.781667,0.186463,0.255976,0.107906
Acquity BEH C18 ,AD0006,1,20T,153317,21.14,18280,43.3,16.387632,1.466185,29671.38036,1.304717,40533.88103,0.721667,0.215153,0.297131,0.123975
Acquity BEH C18 ,AD0006,1,25T,169242,23.34,18126,42.95,11.303267,1.585252,34621.14097,1.359343,49408.61475,0.715833,0.241297,0.32983,0.138899
Acquity BEH C18 ,AD0006,1,30T,133505,18.41,12571,53.4,7.926603,1.703593,33436.29958,1.455369,51854.53153,0.89,0.271218,0.384734,0.157009
Acquity BEH C18 ,AD0006,1,35T,115562,15.94,9844,48.4,5.697252,1.836867,30452.8907,1.549628,50697.97947,0.806667,0.303372,0.43693,0.177131
Acquity BEH C18 ,AD0006,1,15T,159887,21.14,21830,49.9,,1.381874,19961.41442,1.257203,26204.18645,0.831667,0.186354,0.257625,0.107717
Acquity BEH C18 ,AD0006,1,20T,159188,21.05,18978,42.4,16.386529,1.475399,29587.06468,1.309856,40554.36976,0.706667,0.215137,0.296945,0.124057
Acquity BEH C18 ,AD0006,1,25T,176864,23.39,18906,45.85,11.29021,1.595153,34471.0524,1.364713,49225.29672,0.764167,0.241774,0.330853,0.139165
Acquity BEH C18 ,AD0006,1,30T,139398,18.43,13197,50.15,7.935631,1.715388,33625.06566,1.464788,52283.21883,0.835833,0.270128,0.382823,0.156444
Acquity BEH C18 ,AD0006,1,35T,120845,15.98,10353,48.85,5.72535,1.846047,30479.55279,1.554931,51239.05784,0.814167,0.301799,0.437473,0.176468
Acquity Oligo BEH C18 ,AD0004,1,15T,166614,22.4,26938,45.75,,1.432243,75973.18145,1.286654,98745.44017,0.7625,0.158174,0.212738,0.091941
Acquity Oligo BEH C18 ,AD0004,1,20T,161736,21.74,24509,39.75,21.326993,1.586327,100071.4015,1.408949,147062.8891,0.6625,0.165627,0.236787,0.095862
Acquity Oligo BEH C18 ,AD0004,1,25T,171617,23.07,25216,33.45,15.234947,1.654188,121285.5272,1.448643,186105.825,0.5575,0.171008,0.247096,0.098792
Acquity Oligo BEH C18 ,AD0004,1,30T,128684,17.3,18653,31.9,11.582687,1.638787,143298.0819,1.440899,221633.1881,0.531667,0.173664,0.253014,0.100038
Acquity Oligo BEH C18 ,AD0004,1,35T,115305,15.5,16025,50.95,9.195667,1.73364,143727.2606,1.565053,248718.0993,0.849167,0.176862,0.280323,0.10261
Acquity Oligo BEH C18 ,AD0004,1,15T,150109,23.21,24038,45.15,,1.47841,73196.93847,1.33012,99110.26451,0.7525,0.15804,0.217939,0.091744
Acquity Oligo BEH C18 ,AD0004,1,20T,141075,21.81,21158,40.1,21.340973,1.62345,96118.28636,1.44406,147261.3262,0.668333,0.165655,0.242738,0.095837
Acquity Oligo BEH C18 ,AD0004,1,25T,147322,22.78,21535,33.7,15.239463,1.676507,118324.1096,1.469679,186454.6817,0.561667,0.17098,0.250858,0.09868
Acquity Oligo BEH C18 ,AD0004,1,30T,109583,16.95,15929,31.2,11.620627,1.637805,143440.0644,1.445421,224747.2665,0.52,0.172577,0.253715,0.099572
Acquity Oligo BEH C18 ,AD0004,1,35T,98607,15.25,13779,44.95,9.243774,1.717511,146840.7578,1.553601,251412.6529,0.749167,0.176022,0.278202,0.101897
XBridge C18,AD0003,1,15T,157858,21.79,18030,59.7,,0.877449,16262.10982,0.923916,19019.98015,0.995,0.217718,0.319165,0.125013
XBridge C18,AD0003,1,20T,154522,21.33,17219,45.6,14.010377,0.907059,29890.24325,0.943948,34490.54397,0.76,0.229092,0.324147,0.131353
XBridge C18,AD0003,1,25T,170395,23.52,18651,36.1,10.512314,0.98758,41507.58228,0.996597,49307.28835,0.601667,0.235602,0.330629,0.134855
XBridge C18,AD0003,1,30T,129881,17.93,14231,32.2,8.072079,1.076649,52574.66372,1.056474,63523.26624,0.536667,0.237902,0.328271,0.136315
XBridge C18,AD0003,1,35T,111697,15.42,12019,35.25,6.411701,1.248301,55531.272,1.186108,74919.33126,0.5875,0.241523,0.346448,0.139677
XBridge C18,AD0003,1,15T,153903,21.51,17868,61.5,,0.912114,16507.17196,0.949924,19284.80208,1.025,0.216303,0.311607,0.124286
XBridge C18,AD0003,1,20T,152689,21.35,17072,46.05,14.088134,0.914003,30055.43029,0.947891,34685.26211,0.7675,0.228595,0.323035,0.131057
XBridge C18,AD0003,1,25T,168874,23.61,18522,37.55,10.558113,1.003539,41485.93999,1.004077,49736.19632,0.625833,0.234772,0.330055,0.134488
XBridge C18,AD0003,1,30T,128941,18.03,14127,36.4,8.109745,1.089874,52152.90834,1.065814,64049.33064,0.606667,0.237127,0.330535,0.13627
XBridge C18,AD0003,1,35T,110924,15.51,11943,36.2,6.428942,1.255854,55212.44107,1.195504,75142.02533,0.603333,0.24137,0.348539,0.139498
Acquity BEH C18 ,AD0001,1,15T,155613,20.97,23648,35.3,,1.251246,32287.32645,1.137283,37436.6039,0.588333,0.172035,0.221838,0.099893
Acquity BEH C18 ,AD0001,1,20T,158588,21.37,21448,41.7,18.258377,1.407107,47332.2655,1.22974,58318.26409,0.695,0.19304,0.248621,0.111749
Acquity BEH C18 ,AD0001,1,25T,174427,23.51,21488,35.35,12.593564,1.58775,53484.5331,1.328237,71295.48042,0.589167,0.21288,0.274978,0.123176
Acquity BEH C18 ,AD0001,1,30T,134921,18.18,15444,30.7,9.051317,1.601579,59123.92999,1.338432,78761.91904,0.511667,0.231183,0.296064,0.133601
Acquity BEH C18 ,AD0001,1,35T,118453,15.96,12378,36.55,6.700167,1.71395,55816.39798,1.418932,79569.30333,0.609167,0.253008,0.329842,0.147245
Acquity BEH C18 ,AD0001,1,15T,158947,21.37,23764,50.45,,1.270151,31638.02811,1.15349,37241.64399,0.840833,0.172536,0.224725,0.100142
Acquity BEH C18 ,AD0001,1,20T,159535,21.45,21384,40.6,18.235718,1.429294,46758.30367,1.24487,58103.018,0.676667,0.193518,0.249888,0.111883
Acquity BEH C18 ,AD0001,1,25T,173974,23.39,21305,34.9,12.574748,1.596006,53209.66258,1.334703,70937.94713,0.581667,0.213579,0.275888,0.123385
Acquity BEH C18 ,AD0001,1,30T,133661,17.97,15251,30.55,9.046032,1.609959,59018.08117,1.344261,78754.89301,0.509167,0.231389,0.296405,0.133676
Acquity BEH C18 ,AD0001,1,35T,117738,15.83,12224,46.9,6.701606,1.729699,54565.36643,1.439301,79448.79308,0.781667,0.25343,0.335891,0.147557
Acquity BEH C18 ,AD0028,1,15T,212386,21.88,20763,50.6,,1.867137,12656.78632,1.535201,23532.70383,0.843333,0.251813,0.380307,0.146303
Acquity BEH C18 ,AD0028,1,20T,195210,20.11,18556,41.25,13.987645,2.028741,19349.0506,1.626062,42919.20786,0.6875,0.254883,0.409418,0.14663
Acquity BEH C18 ,AD0028,1,25T,199341,20.53,19234,35.1,10.430254,1.975301,28611.5995,1.568869,62428.52758,0.585,0.253807,0.401165,0.14515
Acquity BEH C18 ,AD0028,1,30T,173121,17.83,15463,50.3,8.059849,2.238662,27260.55027,1.828995,77307.51046,0.838333,0.257736,0.478445,0.149006
Acquity BEH C18 ,AD0028,1,35T,190699,19.64,16730,59.6,6.400479,2.432836,26818.1113,1.929542,90695.44368,0.993333,0.259959,0.510642,0.151122
Acquity Oligo BEH C18 ,AD0028,1,15T,168962,22.17,17044,45,,1.913519,12972.74439,1.601926,25549.84894,0.75,0.241818,0.382359,0.139858
Acquity Oligo BEH C18 ,AD0028,1,20T,151652,19.9,14631,41.45,14.371389,1.886402,21713.15428,1.578804,43996.96819,0.690833,0.251936,0.402757,0.144469
Acquity Oligo BEH C18 ,AD0028,1,25T,155649,20.42,15107,35.55,10.48042,1.80486,32632.43708,1.501473,62133.29214,0.5925,0.254596,0.389795,0.145849
Acquity Oligo BEH C18 ,AD0028,1,30T,136116,17.86,12159,48.3,8.000147,2.084259,30507.53903,1.775451,75687.90855,0.805,0.260641,0.469912,0.150325
Acquity Oligo BEH C18 ,AD0028,1,35T,149816,19.66,13360,53.45,6.35814,2.197654,32289.70396,1.808779,90258.25837,0.890833,0.260747,0.483183,0.150952
Acquity Oligo BEH C18 ,AD0027,1,15T,188817,28.52,17797,56.85,,1.751474,12348.43609,1.504137,20874.4848,0.9475,0.261417,0.396913,0.151987
Acquity Oligo BEH C18 ,AD0027,1,20T,150394,22.72,14517,42.8,13.412931,1.814102,23753.21023,1.546099,39284.42929,0.713333,0.261308,0.3806,0.151118
Acquity Oligo BEH C18 ,AD0027,1,25T,135376,20.45,13775,33.6,10.203943,1.735871,39904.28439,1.47378,61002.66955,0.56,0.252118,0.348085,0.146018
Acquity Oligo BEH C18 ,AD0027,1,30T,94717,14.31,10064,34.25,8.211718,1.636414,60187.98822,1.407126,84692.94632,0.570833,0.241848,0.322077,0.141076
Acquity Oligo BEH C18 ,AD0027,1,35T,92655,14,9815,35.25,6.738421,1.731885,67640.78845,1.490931,102687.1674,0.5875,0.239898,0.334489,0.140294
Acquity Oligo BEH C18 ,AD0027,0,15T,123651,40.46,11011,50.5,,2.052142,9490.354868,1.747439,19518.75583,0.841667,0.270779,0.441854,0.156703
Acquity Oligo BEH C18 ,AD0027,0,20T,69194,22.64,6824,43.6,13.491895,1.915998,24149.12579,1.622022,43147.5333,0.726667,0.24974,0.371511,0.144856
Acquity Oligo BEH C18 ,AD0027,0,25T,56005,18.33,5417,49.95,10.677119,2.117572,32522.39939,1.858886,66724.02854,0.8325,0.241433,0.398601,0.140435
Acquity Oligo BEH C18 ,AD0027,0,30T,30910,10.11,3293,39.5,8.662982,2.015455,50942.08376,1.721774,96806.74564,0.658333,0.226498,0.35088,0.130847
Acquity Oligo BEH C18 ,AD0027,0,35T,25852,8.46,2874,35.5,7.296206,1.91121,69068.03241,1.660305,123557.5692,0.591667,0.218978,0.338477,0.126496
Acquity BEH C18 ,AD0144,0,15T,41353,33.21,3438,66.1,,2.541298,68434.87173,2.35745,215881.543,1.101667,0.254333,0.561221,0.144852
Acquity BEH C18 ,AD0144,0,20T,20903,16.79,1895,44.65,30.564499,2.337383,135522.4547,1.907144,354602.2446,0.744167,0.250242,0.453657,0.141893
Acquity BEH C18 ,AD0144,0,25T,20668,16.6,1870,52.85,22.080798,2.045177,233125.8923,1.809529,463500.6959,0.880833,0.251421,0.420904,0.142443
Acquity BEH C18 ,AD0144,0,30T,18500,14.86,1625,44.65,16.73883,1.870666,297312.6492,1.685764,524342.77,0.744167,0.26003,0.41363,0.144777
Acquity BEH C18 ,AD0144,0,35T,23097,18.55,2011,44.65,13.112108,1.678817,371725.9812,1.501577,580243.9584,0.744167,0.265271,0.390638,0.148552
Acquity Oligo BEH C18 ,AD0024,0,15T,125243,25.9,5862,84.1,,5.866009,1238.785263,4.467216,11386.24763,1.401667,1.106137,1.035029,0.21544
Acquity Oligo BEH C18 ,AD0024,0,20T,100794,20.84,4611,79.9,3.733421,6.406398,1749.253909,4.144303,5901.386918,1.331667,0.718159,0.944531,0.329645
Acquity Oligo BEH C18 ,AD0024,0,25T,97430,20.15,4512,79.4,4.639181,6.071576,2872.451669,3.981997,34146.67502,1.323333,0.352303,0.895756,0.326093
Acquity Oligo BEH C18 ,AD0024,0,30T,76316,15.78,3662,78.85,5.489622,5.947421,3827.315318,3.893425,44838.04145,1.314167,0.343524,0.877204,0.316282
Acquity Oligo BEH C18 ,AD0024,0,35T,83856,17.34,4154,84.95,4.493653,6.10464,4447.555786,4.075756,55152.67836,1.415833,0.335734,0.882415,0.30879
Acquity Oligo BEH C18 ,AD0024,0,15T,93954,43.81,2679,170.25,,13.144674,138.226989,9.133441,7220.275474,2.8375,0.490752,2.113933,0.479187
Acquity Oligo BEH C18 ,AD0024,0,20T,33751,15.74,2679,100.4,2.490537,3.434047,997.239402,2.278167,542.244153,1.673333,2.411617,1.428117,0.634007
Acquity Oligo BEH C18 ,AD0024,0,25T,30980,14.45,2679,103.6,1.476631,3.559578,1308.209702,2.471436,5028.365424,1.726667,0.931158,1.491059,0.570489
Acquity Oligo BEH C18 ,AD0024,0,30T,22617,10.55,2679,66.3,2.424076,7.285716,2190.952304,4.46087,22856.76513,1.105,0.482065,0.979724,0.430264
Acquity Oligo BEH C18 ,AD0024,0,35T,33150,15.46,2679,68.35,3.721029,7.115795,3710.969426,4.656175,57304.4091,1.139167,0.329689,0.879284,0.344793
Acquity Oligo BEH C18 ,AD0023,0,15T,145441,28.11,20814,27.55,,1.439946,109249.4085,1.294808,139800.3347,0.459167,0.181314,0.242307,0.10472
Acquity Oligo BEH C18 ,AD0023,0,20T,119189,23.03,16053,26.8,18.728903,1.637053,124953.9424,1.534632,194298.2349,0.446667,0.18492,0.287534,0.107966
Acquity Oligo BEH C18 ,AD0023,0,25T,104896,20.27,14472,26.1,13.285865,1.531354,175331.9295,1.359206,236574.1353,0.435,0.187955,0.25674,0.108195
Acquity Oligo BEH C18 ,AD0023,0,30T,79701,15.4,10639,23.25,10.605107,1.654493,172224.6941,1.539843,321554.8947,0.3875,0.174785,0.295442,0.108497
Acquity Oligo BEH C18 ,AD0023,0,35T,68232,13.19,9491,24.75,8.732926,1.490342,236005.6363,1.313094,335928.9016,0.4125,0.181749,0.249444,0.10609
Acquity Oligo BEH C18 ,AD0023,0,15T,123963,29.91,17360,28.05,,1.5024,101080.0771,1.349026,136090.6762,0.4675,0.183605,0.252715,0.105836
Acquity Oligo BEH C18 ,AD0023,0,20T,92199,22.25,12799,27.2,18.648271,1.569074,138255.4714,1.396261,195056.8923,0.453333,0.184443,0.259329,0.106652
Acquity Oligo BEH C18 ,AD0023,0,25T,84437,20.37,11623,25.25,13.372165,1.541655,171572.4121,1.378548,239231.5875,0.420833,0.186847,0.260651,0.108274
Acquity Oligo BEH C18 ,AD0023,0,30T,61070,14.74,8495,23.8,10.61705,1.499915,209352.7859,1.323952,317553.0703,0.396667,0.175843,0.250557,0.104365
Acquity Oligo BEH C18 ,AD0023,0,35T,52774,12.73,7600,19.3,9.014049,1.585359,238719.7101,1.398591,384174.8554,0.321667,0.169928,0.243674,0.104205
Acquity BEH C18 ,AD0144,0,15T,9017,26.29,674,55.2,,6.433693,12990.92246,4.324179,199281.6352,0.92,0.265414,0.739016,0.175409
Acquity BEH C18 ,AD0144,0,20T,3396,9.9,222,43.3,21.734463,4.889708,31761.7088,2.89755,187438.7088,0.721667,0.444243,0.588104,0.182639
Acquity BEH C18 ,AD0144,0,25T,6301,18.37,436,49.2,13.922147,3.827917,70446.51993,2.725731,380712.7293,0.82,0.346926,0.585172,0.154954
Acquity BEH C18 ,AD0144,0,30T,7309,21.31,543,51.15,13.490657,2.639629,137338.596,2.159925,359677.9798,0.8525,0.285977,0.556196,0.158309
Acquity BEH C18 ,AD0144,0,35T,8270,24.12,838,23.65,12.434077,1.573967,495538.7828,1.393738,643682.9679,0.394167,0.268186,0.326724,0.14423
XBridge Oligo BEH C18 ,AD0283,0,15T,166789,21.49,13719,66.2,,1.652228,11513.34573,1.442319,18288.33717,1.103333,0.30433,0.448227,0.174722
XBridge Oligo BEH C18 ,AD0283,0,20T,158337,20.4,10777,94,13.74,1.864794,15669.45359,1.608623,27933.65957,1.566667,0.370519,0.55094,0.204833
XBridge Oligo BEH C18 ,AD0283,0,25T,149859,19.31,8680,83.6,8.01,2.151175,15119.26009,1.852707,20521.70559,1.393333,0.515942,0.693949,0.237042
XBridge Oligo BEH C18 ,AD0283,0,30T,149511,19.27,7653,93.4,5.51,2.320258,14489.37737,1.905247,32042.1564,1.556667,0.489267,0.779275,0.268339
XBridge Oligo BEH C18 ,AD0283,0,35T,151484,19.52,6754,115.2,4.24,2.621404,11014.95592,2.001484,30711.43842,1.92,0.56503,0.965591,0.304589
XBridge Oligo BEH C18 ,AD0283,0,15T,171201,21.38,13906,77.6,,1.660241,11164.1053,1.452354,17741.3449,1.293333,0.30705,0.454179,0.176197
XBridge Oligo BEH C18 ,AD0283,0,20T,164151,20.5,11054,104,11.946301,1.881843,15191.13267,1.616998,16086.76002,1.733333,0.468563,0.557052,0.204863
XBridge Oligo BEH C18 ,AD0283,0,25T,154725,19.33,8836,116.8,7.233116,2.118228,15396.35923,1.787393,20304.66491,1.946667,0.517135,0.67202,0.238074
XBridge Oligo BEH C18 ,AD0283,0,30T,154079,19.24,7912,95.2,5.493272,2.298791,14703.89787,1.889605,32385.64635,1.586667,0.493105,0.773028,0.26743
XBridge Oligo BEH C18 ,AD0283,0,35T,156470,19.54,7076,105.2,4.236581,2.618032,11276.4921,1.925313,30887.48773,1.753333,0.561692,0.955611,0.301012
XBridge Oligo BEH C18 ,AD0316,1,15T,257903,20.75,18561,86.8,,1.774829,14256.17658,1.488676,21510.29954,1.446667,0.354161,0.485547,0.206224
XBridge Oligo BEH C18 ,AD0316,1,20T,247201,19.89,16220,72,13.691455,1.867412,23111.91589,1.58197,24658.54442,1.2,0.475447,0.552666,0.222415
XBridge Oligo BEH C18 ,AD0316,1,25T,240517,19.35,14495,98.4,8.937721,1.912114,29434.74968,1.613311,33684.19177,1.64,0.501992,0.605291,0.236456
XBridge Oligo BEH C18 ,AD0316,1,30T,249103,20.04,14261,112.6,6.659068,1.954716,34728.92225,1.647438,41519.16905,1.876667,0.518878,0.641208,0.245581
XBridge Oligo BEH C18 ,AD0316,1,35T,248287,19.97,13606,105.8,5.514114,2.058437,34642.56278,1.715145,67546.27435,1.763333,0.466757,0.712797,0.257646
XBridge Oligo BEH C18 ,AD0316,1,15T,252347,20.78,18189,75.4,,1.81619,13653.11228,1.517021,21117.06668,1.256667,0.3533,0.487743,0.205482
XBridge Oligo BEH C18 ,AD0316,1,20T,238684,19.66,15726,74,15.464505,1.883475,22715.80027,1.579667,37095.48854,1.233333,0.385146,0.546096,0.222805
XBridge Oligo BEH C18 ,AD0316,1,25T,235843,19.42,14090,104.8,9.818452,1.93652,28264.77389,1.636092,32956.2831,1.746667,0.504892,0.61404,0.238096
XBridge Oligo BEH C18 ,AD0316,1,30T,242761,19.99,13822,108.4,6.634567,1.995054,32755.66815,1.674011,40537.36722,1.806667,0.522981,0.653127,0.248456
XBridge Oligo BEH C18 ,AD0316,1,35T,244690,20.15,13090,109.4,5.512919,2.075102,32765.83581,1.728938,64352.58025,1.823333,0.479075,0.733001,0.263273
XBridge Oligo BEH C18 ,AD0276,1,15T,181343,21.05,15208,71,,1.387348,15852.52615,1.229674,21496.97252,1.183333,0.302153,0.424954,0.174399
XBridge Oligo BEH C18 ,AD0276,1,20T,171811,19.94,13769,65.4,12.786131,1.555963,27096.8169,1.362322,21673.73714,1.09,0.427694,0.455614,0.180248
XBridge Oligo BEH C18 ,AD0276,1,25T,165802,19.24,12032,86.8,7.99064,1.678683,32445.15114,1.449434,29466.67673,1.446667,0.448364,0.50038,0.195299
XBridge Oligo BEH C18 ,AD0276,1,30T,170469,19.78,11839,87.2,6.656752,1.806171,36286.7088,1.547718,61316.995,1.453333,0.368165,0.535505,0.203984
XBridge Oligo BEH C18 ,AD0276,1,35T,172206,19.99,10959,84.2,5.676304,1.891806,34654.22772,1.569444,62707.85108,1.403333,0.401598,0.59956,0.222503
XBridge Oligo BEH C18 ,AD0276,1,15T,191171,20.87,15705,80.8,,1.399861,14638.35328,1.233047,20117.39071,1.346667,0.308234,0.436204,0.17767
XBridge Oligo BEH C18 ,AD0276,1,20T,181774,19.84,14250,61.6,12.696007,1.579003,25054.64383,1.367539,20785.11823,1.026667,0.433961,0.467919,0.184463
XBridge Oligo BEH C18 ,AD0276,1,25T,177132,19.34,12693,86.4,7.980418,1.679061,31458.46112,1.447857,28781.55916,1.44,0.452148,0.505767,0.197588
XBridge Oligo BEH C18 ,AD0276,1,30T,181545,19.82,12457,89.4,6.571687,1.810021,35466.85083,1.525735,58916.48092,1.49,0.373671,0.531228,0.206906
XBridge Oligo BEH C18 ,AD0276,1,35T,184449,20.13,11752,94.4,5.65477,1.961086,33316.95067,1.621567,61792.79828,1.573333,0.402842,0.611138,0.222062
XBridge Oligo BEH C18 ,AD0315,1,15T,258644,20.71,18992,86,,1.516243,18089.75243,1.322234,24565.42157,1.433333,0.346917,0.474536,0.202122
XBridge Oligo BEH C18 ,AD0315,1,20T,249508,19.98,17399,75.6,14.149112,1.615157,31234.41442,1.390175,28647.08273,1.26,0.455394,0.506435,0.210803
XBridge Oligo BEH C18 ,AD0315,1,25T,238877,19.13,16007,63.8,9.359548,1.681127,41545.73198,1.441281,40587.11353,1.063333,0.468428,0.53759,0.217943
XBridge Oligo BEH C18 ,AD0315,1,30T,250156,20.03,15979,83.2,7.105607,1.736532,48715.7074,1.473987,50225.08172,1.386667,0.481317,0.565345,0.224194
XBridge Oligo BEH C18 ,AD0315,1,35T,251809,20.16,15630,104.6,6.097081,1.766117,53236.70747,1.480763,90446.7192,1.743333,0.406636,0.603669,0.228977
XBridge Oligo BEH C18 ,AD0315,1,15T,255709,20.77,18743,87.6,,1.541395,17500.93684,1.34612,24095.41955,1.46,0.347222,0.47704,0.202309
XBridge Oligo BEH C18 ,AD0315,1,20T,246442,20.02,17243,79.2,14.22936,1.624791,31116.11686,1.398565,28501.90783,1.32,0.454381,0.503867,0.21004
XBridge Oligo BEH C18 ,AD0315,1,25T,235733,19.15,15837,67,9.387948,1.682162,41465.75285,1.447966,40353.39241,1.116667,0.468093,0.537355,0.217371
XBridge Oligo BEH C18 ,AD0315,1,30T,247969,20.14,16033,85.6,7.095282,1.752251,49167.55673,1.488736,50512.46509,1.426667,0.478125,0.56145,0.220784
XBridge Oligo BEH C18 ,AD0315,1,35T,245371,19.93,15418,82.6,6.090072,1.748965,54256.68046,1.45947,89234.57053,1.376667,0.406822,0.589473,0.229171
XBridge Oligo BEH C18 ,AD0283,1,15T,273570,21.27,24236,60.85,,1.845219,28117.23403,1.53201,46597.37676,1.014167,0.285499,0.405376,0.165111
XBridge Oligo BEH C18 ,AD0283,1,20T,258233,20.08,23469,43.7,14.402355,1.898407,47089.81196,1.562005,77168.20319,0.728333,0.280547,0.391835,0.162507
XBridge Oligo BEH C18 ,AD0283,1,25T,274616,21.35,24290,35.75,9.637159,1.958274,55732.47402,1.621333,95980.55452,0.595833,0.286856,0.414918,0.166799
XBridge Oligo BEH C18 ,AD0283,1,30T,227455,17.69,19179,47.05,6.922784,1.944771,62630.17668,1.609225,106939.3535,0.784167,0.305879,0.431008,0.172024
XBridge Oligo BEH C18 ,AD0283,1,35T,252215,19.61,19894,58.95,5.206616,1.961635,60380.42683,1.585356,109882.0045,0.9825,0.324468,0.481969,0.18097
XBridge XP C18_40min,AD0396,1,15T,245238,20.53,21160,74.2,,1.339439,26111.90234,1.209594,33765.16127,1.236667,0.296477,0.40674,0.170736
XBridge XP C18_40min,AD0396,1,20T,236385,19.78,19041,68,14.215032,1.479207,40276.43055,1.317931,31178.74355,1.133333,0.424634,0.446173,0.180914
XBridge XP C18_40min,AD0396,1,25T,227956,19.08,17173,80.4,10.014506,1.569795,49490.40191,1.377922,71994.52227,1.34,0.33624,0.476885,0.192327
XBridge XP C18_40min,AD0396,1,30T,240515,20.13,17216,93,8.472005,1.638994,56474.4108,1.423577,85740.42181,1.55,0.358525,0.502389,0.200037
XBridge XP C18_40min,AD0396,1,35T,244700,20.48,16783,86.6,6.236107,1.721776,57561.92193,1.469359,93386.91272,1.443333,0.375013,0.543484,0.208527
XBridge XP C18_40min,AD0396,1,15T,244098,20.43,21040,81.2,,1.354169,24935.88633,1.228578,32832.15759,1.353333,0.295584,0.409338,0.169941
XBridge XP C18_40min,AD0396,1,20T,234605,19.63,18959,70,14.256348,1.498506,39305.08717,1.339431,30626.57807,1.166667,0.423141,0.445701,0.180142
XBridge XP C18_40min,AD0396,1,25T,229118,19.18,16779,90,8.708801,1.603419,45786.91736,1.400189,40152.54626,1.5,0.445016,0.488995,0.196367
XBridge XP C18_40min,AD0396,1,30T,241142,20.18,17250,96.4,7.285444,1.659719,54696.41904,1.440097,83640.0446,1.606667,0.358526,0.50306,0.200066
XBridge XP C18_40min,AD0396,1,35T,245885,20.58,16958,87.4,6.220233,1.719057,57118.69835,1.468159,92874.71834,1.456667,0.373047,0.541634,0.207299
XBridge XP C18_40min,AD0394,1,15T,254181,20.24,21101,79.4,,1.451776,24629.69649,1.282486,34137.58863,1.323333,0.306145,0.429308,0.176847
XBridge XP C18_40min,AD0394,1,20T,245742,19.57,18944,79.4,13.713609,1.63554,36517.20233,1.409907,31261.25981,1.323333,0.434868,0.468362,0.187782
XBridge XP C18_40min,AD0394,1,25T,239755,19.09,17048,98.2,8.430895,1.761171,42638.50747,1.491223,40809.95922,1.636667,0.454873,0.512626,0.200783
XBridge XP C18_40min,AD0394,1,30T,249751,19.89,17624,77.2,7.058341,1.818126,51318.33512,1.503802,85967.82382,1.286667,0.365962,0.523375,0.202496
XBridge XP C18_40min,AD0394,1,35T,266508,21.22,17073,120.6,6.09203,1.821155,51825.16706,1.42686,92626.03773,2.01,0.369445,0.594072,0.212277
XBridge XP C18_40min,AD0394,1,15T,252662,20.42,21045,78,,1.417408,24954.09484,1.260635,33830.48971,1.3,0.306485,0.426795,0.176951
XBridge XP C18_40min,AD0394,1,20T,243162,19.65,19209,69.4,13.80076,1.583498,38611.07163,1.367016,31811.93592,1.156667,0.430038,0.455195,0.184962
XBridge XP C18_40min,AD0394,1,25T,238484,19.27,17060,92,8.467609,1.710201,43905.58339,1.454915,40943.41035,1.533333,0.452964,0.505645,0.200657
XBridge XP C18_40min,AD0394,1,30T,249222,20.14,17751,96,7.082193,1.775553,53443.70793,1.481988,87161.81872,1.6,0.360948,0.512543,0.200219
XBridge XP C18_40min,AD0394,1,35T,253828,20.51,17190,85.6,6.029266,1.784211,54367.44149,1.418874,94398.21507,1.426667,0.379278,0.574916,0.209442
XBridge XP C18_40min,AD0306,1,15T,247718,20.99,19255,79,,1.343477,46660.93379,1.208761,60403.23346,1.316667,0.330237,0.452029,0.190237
XBridge XP C18_40min,AD0306,1,20T,235698,19.97,17449,73.6,14.968318,1.597258,62017.99418,1.400886,54454.2081,1.226667,0.447595,0.496413,0.194489
XBridge XP C18_40min,AD0306,1,25T,224849,19.05,14803,95.4,8.819651,1.800015,61331.84381,1.556905,64130.57841,1.59,0.476838,0.57106,0.21257
XBridge XP C18_40min,AD0306,1,30T,233556,19.79,14061,110.8,7.049972,2.00844,58822.04997,1.723942,116383.9217,1.846667,0.408874,0.64025,0.224276
XBridge XP C18_40min,AD0306,1,35T,238399,20.2,12932,147.8,5.914755,2.165886,51501.61134,1.793773,115080.6733,2.463333,0.440794,0.756556,0.241123
XBridge XP C18_40min,AD0306,1,15T,245062,21.41,18764,83.2,,1.406551,43400.32587,1.270956,59596.23206,1.386667,0.330462,0.468668,0.189707
XBridge XP C18_40min,AD0306,1,20T,229282,20.03,16446,70.8,14.912708,1.683879,56345.36044,1.491366,52825.76582,1.18,0.452619,0.520045,0.198981
XBridge XP C18_40min,AD0306,1,25T,219162,19.15,14062,103,8.680115,1.951996,55310.01939,1.705043,63367.44317,1.716667,0.477397,0.601612,0.214142
XBridge XP C18_40min,AD0306,1,30T,221152,19.32,13101,104.8,6.996958,2.095237,54555.4729,1.789047,110147.6055,1.746667,0.416889,0.653888,0.230302
XBridge XP C18_40min,AD0306,1,35T,229985,20.09,12385,150.8,5.88714,2.193516,49572.38046,1.836177,111281.2841,2.513333,0.44651,0.764331,0.24503
XBridge XP C18_40min,AD0394,1,15T,257719,20.3,20627,82.2,,1.330632,53455.69176,1.181496,68897.91047,1.37,0.320286,0.440733,0.184341
XBridge XP C18_40min,AD0394,1,20T,246854,19.44,18907,73.2,14.876888,1.60827,69350.196,1.383917,59023.83008,1.22,0.439035,0.474657,0.189425
XBridge XP C18_40min,AD0394,1,25T,243042,19.14,16486,94.2,8.740205,1.834708,66988.02632,1.570195,68913.29716,1.57,0.46662,0.551953,0.206397
XBridge XP C18_40min,AD0394,1,30T,256041,20.16,15339,104.6,6.934493,2.043637,59792.66627,1.726265,115175.3056,1.743333,0.410487,0.632822,0.227029
XBridge XP C18_40min,AD0394,1,35T,266115,20.96,14380,158.4,5.763663,2.207599,51891.26844,1.82232,116788.8689,2.64,0.440818,0.77823,0.241925
XBridge XP C18_40min,AD0396,1,15T,254008,20.52,19772,82,,1.378912,48853.98059,1.223307,65138.7063,1.366667,0.3276,0.456634,0.188528
XBridge XP C18_40min,AD0396,1,20T,243532,19.67,17931,72.6,14.95737,1.648542,63559.84897,1.425684,56951.05128,1.21,0.447522,0.497992,0.195613
XBridge XP C18_40min,AD0396,1,25T,242130,19.56,15637,97.6,8.726245,1.914846,60983.10667,1.643884,66901.74129,1.626667,0.475159,0.581501,0.213281
XBridge XP C18_40min,AD0396,1,30T,253587,20.48,15154,82.2,6.930548,2.123764,57218.72874,1.823278,117748.3227,1.37,0.407639,0.6686,0.225674
XBridge XP C18_40min,AD0396,1,35T,244872,19.78,13794,125.8,5.757898,2.246637,52877.77376,1.878527,118541.7543,2.096667,0.438664,0.7399,0.241943
BEH Phenyl C18_50min,AD0295,1,15T,248524,21.43,16507,90,,1.782557,24265.91044,1.502987,39665.92463,1.5,0.376334,0.546947,0.217905
BEH Phenyl C18_50min,AD0295,1,20T,233565,20.14,14392,104.2,24.384211,1.929984,44835.56995,1.611627,79701.77408,1.736667,0.399514,0.597809,0.231366
BEH Phenyl C18_50min,AD0295,1,25T,215513,18.58,13553,87.8,18.24696,2.045029,68931.60955,1.686889,130888.5061,1.463333,0.391553,0.595427,0.226723
BEH Phenyl C18_50min,AD0295,1,30T,229121,19.76,13756,129.8,12.58545,2.050801,88764.51754,1.689735,108064.6749,2.163333,0.499121,0.617525,0.229778
BEH Phenyl C18_50min,AD0295,1,35T,233024,20.09,13838,123.6,9.998906,1.937702,114855.3309,1.563876,209181.952,2.06,0.412148,0.618626,0.229577
BEH Phenyl C18_50min,AD0228,1,15T,321951,20.14,23552,97.4,,0.753718,27428.25149,0.804296,40609.58878,1.623333,0.31978,0.598466,0.182873
BEH Phenyl C18_50min,AD0228,1,20T,313500,19.61,21819,83.2,23.315673,0.908296,53671.15508,0.872221,76672.77112,1.386667,0.344614,0.601247,0.197134
BEH Phenyl C18_50min,AD0228,1,25T,306671,19.18,20697,89.6,14.180639,1.085908,75293.71349,0.959329,60547.50752,1.493333,0.483213,0.596586,0.2061
BEH Phenyl C18_50min,AD0228,1,30T,322897,20.2,20804,74.6,9.076772,1.253452,86016.74607,1.041111,75453.24911,1.243333,0.497686,0.610696,0.217486
BEH Phenyl C18_50min,AD0228,1,35T,333544,20.87,19900,100.2,6.937424,1.414081,83877.87416,1.092941,83327.65662,1.67,0.522629,0.669693,0.234316
BEH Phenyl C18_50min,AD0295,1,15T,229610,20.97,15488,135.6,,1.997013,23391.16815,1.659237,42018.22524,2.26,0.365735,0.540522,0.212166
BEH Phenyl C18_50min,AD0295,1,20T,215137,19.65,13423,138.2,24.952148,2.026147,45522.20188,1.671768,82767.45361,2.303333,0.392034,0.583619,0.226845
BEH Phenyl C18_50min,AD0295,1,25T,207246,18.93,12682,159.4,18.523694,2.0426,70147.60948,1.685729,131954.5764,2.656667,0.390271,0.596623,0.226135
BEH Phenyl C18_50min,AD0295,1,30T,216054,19.73,12997,183.8,14.313993,1.995575,93915.8313,1.637275,173041.7355,3.063333,0.394833,0.601723,0.228366
BEH Phenyl C18_50min,AD0295,1,35T,226860,20.72,13190,169.4,11.222727,1.941752,116205.4829,1.563972,210577.27,2.823333,0.411071,0.613198,0.2289
BEH Phenyl C18_50min,AD0228,1,15T,349958,20.22,25374,120.6,,0.7712,26890.24775,0.812033,40187.85782,2.01,0.320928,0.602697,0.183514
BEH Phenyl C18_50min,AD0228,1,20T,340086,19.65,23457,104.4,23.260417,0.93314,52145.23528,0.88522,75898.72241,1.74,0.346175,0.606691,0.197561
BEH Phenyl C18_50min,AD0228,1,25T,335662,19.4,22217,94,14.090643,1.102103,72773.65401,0.968627,59548.54763,1.566667,0.487045,0.609125,0.207293
BEH Phenyl C18_50min,AD0228,1,30T,347289,20.07,22247,72,9.003394,1.278612,83828.71543,1.053484,74633.93398,1.2,0.500114,0.615681,0.218041
BEH Phenyl C18_50min,AD0228,1,35T,357395,20.65,21460,108.8,6.905753,1.429106,84068.42469,1.099293,83502.98782,1.813333,0.521645,0.666696,0.232805
BEH Phenyl C18_50min,AD0229,1,15T,253041,20.89,12825,91.2,,1.348591,18527.94736,1.152536,20611.33336,1.52,0.506684,0.624665,0.309586
BEH Phenyl C18_50min,AD0229,1,20T,243825,20.13,12006,101.4,17.826761,1.361399,39506.89788,1.179728,44551.08618,1.69,0.517666,0.638478,0.317226
BEH Phenyl C18_50min,AD0229,1,25T,232989,19.23,11906,93,13.657122,1.325143,67479.79063,1.170838,75007.1584,1.55,0.500503,0.61634,0.305399
BEH Phenyl C18_50min,AD0229,1,30T,240845,19.88,12531,78.2,10.234067,1.310085,93484.81858,1.177496,85558.66891,1.303333,0.541544,0.608604,0.298929
BEH Phenyl C18_50min,AD0229,1,35T,240795,19.88,12636,66.6,7.941541,1.29978,115970.3813,1.169448,105608.8652,1.11,0.540309,0.607309,0.296874
BEH Phenyl C18_50min,AD0170,1,15T,372111,21.06,18855,154.2,,0.437472,13949.40741,0.676944,26272.08524,2.57,0.417935,0.984596,0.239541
BEH Phenyl C18_50min,AD0170,1,20T,358738,20.3,18596,128,16.376004,0.491168,33010.70996,0.690898,31990.26698,2.133333,0.557333,0.951501,0.236636
BEH Phenyl C18_50min,AD0170,1,25T,342444,19.38,19007,95.4,10.780417,0.563979,60391.49852,0.708144,52545.75755,1.59,0.537879,0.887801,0.226236
BEH Phenyl C18_50min,AD0170,1,30T,346348,19.6,20733,73.8,8.403665,0.624838,91725.026,,73763.51555,1.23,0.519405,,0.216804
BEH Phenyl C18_50min,AD0170,1,35T,347451,19.66,21915,121.6,6.890909,0.640076,118873.9984,,94239.97832,2.026667,0.505539,,0.210651
BEH Phenyl C18_50min,AD0229,1,15T,253828,21.17,12703,111.8,,1.396601,17955.42407,1.180862,20301.98336,1.863333,0.510758,0.628613,0.312824
BEH Phenyl C18_50min,AD0229,1,20T,242652,20.23,11752,113.2,17.624922,1.391743,38419.67204,1.201771,43370.30969,1.886667,0.52472,0.643641,0.322356
BEH Phenyl C18_50min,AD0229,1,25T,229393,19.13,11586,89.2,13.469785,1.347999,66159.77632,1.191508,73439.10279,1.486667,0.505667,0.617473,0.310484
BEH Phenyl C18_50min,AD0229,1,30T,236459,19.72,12122,73,10.112825,1.331849,90560.16373,1.193919,83745.04632,1.216667,0.547111,0.612147,0.305431
BEH Phenyl C18_50min,AD0229,1,35T,236876,19.75,12302,62.8,8.248571,1.318341,113611.5467,1.185435,127938.0796,1.046667,0.491436,0.608004,0.301159
BEH Phenyl C18_50min,AD0170,1,15T,415788,21.44,21192,147.4,,0.462701,13829.85543,0.688149,25876.10141,2.456667,0.417896,0.970938,0.239442
BEH Phenyl C18_50min,AD0170,1,20T,396459,20.44,21087,111.2,18.256052,0.527396,33497.65385,0.7102,56740.95918,1.853333,0.442693,0.911082,0.233512
BEH Phenyl C18_50min,AD0170,1,25T,371224,19.14,20865,92,13.71348,0.618633,61545.0308,0.731999,92376.19265,1.533333,0.428067,0.840221,0.227897
BEH Phenyl C18_50min,AD0170,1,30T,379336,19.56,22748,75.8,10.75071,0.672269,91113.27135,0.734415,132531.0401,1.263333,0.408223,0.820549,0.218636
BEH Phenyl C18_50min,AD0170,1,35T,376545,19.42,23975,95,7.811769,0.701608,120661.7941,,93588.43364,1.583333,0.505984,,0.212072
Acquity Oligo BEH C18_100,AD0275,1,15T,36621,21.13,4346,58,,1.565238,53040.82775,1.38533,102886.8452,0.966667,0.207095,0.347871,0.112718
Acquity Oligo BEH C18_100,AD0275,1,20T,34940,20.16,3733,68,17.005284,1.899674,57232.78238,1.579537,134321.2196,1.133333,0.225682,0.39337,0.120713
Acquity Oligo BEH C18_100,AD0275,1,25T,32991,19.03,3172,76.4,11.832869,2.235389,51546.67662,1.825597,153662.8895,1.273333,0.226547,0.459885,0.130599
Acquity Oligo BEH C18_100,AD0275,1,30T,34319,19.8,2964,86.8,8.374263,2.326339,50112.80735,1.875191,150969.436,1.446667,0.268955,0.519394,0.13947
Acquity Oligo BEH C18_100,AD0275,1,35T,34450,19.88,2815,82.2,6.081007,2.495283,45746.74802,1.887879,162236.0867,1.37,0.284225,0.567819,0.144679
Acquity Oligo BEH C18_100,AD0275,1,15T,37037,21.62,4376,56,,1.611025,51852.88653,1.420754,104596.3963,0.933333,0.195826,0.349232,0.112113
Acquity Oligo BEH C18_100,AD0275,1,20T,34864,20.35,3723,67,18.078434,1.949544,56087.08256,1.64783,137500.1702,1.116667,0.210407,0.399422,0.120669
Acquity Oligo BEH C18_100,AD0275,1,25T,32683,19.08,3150,76.8,12.258793,2.222342,51150.82381,1.819412,152934.8844,1.28,0.226925,0.455329,0.130381
Acquity Oligo BEH C18_100,AD0275,1,30T,33397,19.49,2974,82.6,8.86654,2.27347,53397.55665,1.818109,161255.0562,1.376667,0.241687,0.494155,0.138252
Acquity Oligo BEH C18_100,AD0275,1,35T,33342,19.46,2801,79.6,6.863666,2.370989,50752.57827,1.841887,174261.3601,1.326667,0.248616,0.544193,0.143823
Acquity Oligo BEH C18_100,AD0255,0,15T,202733,21.72,6887,129,,0.998225,6299.932854,0.907957,12946.38438,2.15,0.627934,1.326893,0.386371
Acquity Oligo BEH C18_100,AD0255,0,20T,193186,20.69,6991,110.8,5.576629,1.017558,8891.031075,0.996107,19975.96305,1.846667,0.602623,1.250819,0.368296
Acquity Oligo BEH C18_100,AD0255,0,25T,185433,19.86,6997,124.4,4.17936,1.112751,11826.67439,1.068809,26843.45862,2.073333,0.580197,1.124202,0.353902
Acquity Oligo BEH C18_100,AD0255,0,30T,174619,18.71,7051,97.4,3.317474,1.23751,16140.42997,1.100424,33526.16423,1.623333,0.560497,0.998849,0.344608
Acquity Oligo BEH C18_100,AD0255,0,35T,177551,19.02,7162,123.4,2.679551,1.540071,15662.03776,1.354145,41158.31555,2.056667,0.55731,1.083163,0.336515
Acquity Oligo BEH C18_100,AD0255,0,15T,206056,23.09,6860,147.4,,1.045791,6007.310394,0.938695,12824.15093,2.456667,0.631413,1.365932,0.388518
Acquity Oligo BEH C18_100,AD0255,0,20T,190208,21.32,6731,134.8,5.491927,1.19212,8334.071911,1.068267,19547.62639,2.246667,0.608861,1.268968,0.374373
Acquity Oligo BEH C18_100,AD0255,0,25T,169512,19,6409,117.4,4.104181,1.360521,11813.92516,1.146884,26217.96562,1.956667,0.586322,1.101298,0.363427
Acquity Oligo BEH C18_100,AD0255,0,30T,161322,18.08,6535,90.6,3.294073,1.418057,16186.10239,1.18111,33450.66266,1.51,0.560385,0.972222,0.349821
Acquity Oligo BEH C18_100,AD0255,0,35T,165166,18.51,6693,129.6,2.668347,1.667842,15453.34178,1.431203,42071.91084,2.16,0.554819,1.067306,0.33861
Acquity Oligo BEH C18_100,AD0203,1,15T,141308,27.47,21435,43.8,,1.627202,145385.1061,1.449228,217645.5149,0.73,0.16279,0.235942,0.093935
Acquity Oligo BEH C18_100,AD0203,1,20T,110632,21.5,16309,43.8,20.552499,1.798139,172007.1883,1.553161,285314.744,0.73,0.167606,0.248882,0.09692
Acquity Oligo BEH C18_100,AD0203,1,25T,94404,18.35,12730,51,14.121892,1.975597,166762.5661,1.717431,313595.5814,0.85,0.177264,0.283127,0.102508
Acquity Oligo BEH C18_100,AD0203,1,30T,87346,16.98,11709,41.8,10.407366,1.945241,190438.6445,1.674165,348609.7659,0.696667,0.180748,0.281784,0.10462
Acquity Oligo BEH C18_100,AD0203,1,35T,80798,15.7,10525,43,7.984156,2.029145,181297.514,1.784307,366858.6831,0.716667,0.18586,0.311193,0.108443
Acquity Oligo BEH C18_100,AD0203,0,15T,91957,40.07,12820,52.2,,2.466675,86557.81108,2.09599,221290.2969,0.87,0.161514,0.290525,0.093517
Acquity Oligo BEH C18_100,AD0203,0,20T,50897,22.18,5872,67.8,19.811163,3.034886,65895.19325,2.531627,243824.6063,1.13,0.181384,0.383758,0.104856
Acquity Oligo BEH C18_100,AD0203,0,25T,31553,13.75,3512,63.2,13.252941,3.039493,73074.01867,2.558314,284648.0258,1.053333,0.186133,0.407345,0.107724
Acquity Oligo BEH C18_100,AD0203,0,30T,27118,11.82,3288,56.6,10.102662,2.755974,103561.9183,2.333345,345781.023,0.943333,0.181512,0.371875,0.104953
Acquity Oligo BEH C18_100,AD0203,0,35T,27981,12.19,3343,49.4,8.015476,2.574247,112871.6446,2.300458,361530.1753,0.823333,0.187349,0.404351,0.10731
Acquity Oligo BEH C18_100,AD0254,0,15T,29509,22.03,2771,76.8,,1.138287,37128.1161,0.957227,100738.3502,1.28,0.216332,0.569431,0.124281
Acquity Oligo BEH C18_100,AD0254,0,20T,29312,21.89,2410,95.2,16.881942,1.336892,39243.76267,1.038244,141264.9025,1.586667,0.222067,0.690109,0.128113
Acquity Oligo BEH C18_100,AD0254,0,25T,25556,19.08,2088,99.8,12.204561,2.0764,40316.98884,1.214427,182643.1192,1.663333,0.22058,0.721236,0.127924
Acquity Oligo BEH C18_100,AD0254,0,30T,24000,17.92,2058,89.8,9.620563,2.086264,54587.67404,1.120745,224241.4375,1.496667,0.216846,0.752706,0.125284
Acquity Oligo BEH C18_100,AD0254,0,35T,25554,19.08,2077,118.2,7.4305,1.812333,59372.46423,1.183562,253619.3507,1.97,0.237394,0.787482,0.123785
Acquity Oligo BEH C18_100,AD0254,0,15T,32029,23.3,2917,81.2,,1.152843,33407.58594,0.971631,98993.47535,1.353333,0.218262,0.621962,0.125142
Acquity Oligo BEH C18_100,AD0254,0,20T,29581,21.52,2476,100.2,16.78888,1.659215,38723.46996,1.100185,141905.6436,1.67,0.221496,0.672933,0.127342
Acquity Oligo BEH C18_100,AD0254,0,25T,26486,19.27,2184,95.2,12.329759,1.907698,41110.72168,1.136531,187758.5836,1.586667,0.217546,0.73066,0.125929
Acquity Oligo BEH C18_100,AD0254,0,30T,24975,18.17,2158,88.6,9.717118,2.083584,56851.29458,1.140549,227930.6697,1.476667,0.215056,0.701296,0.124635
Acquity Oligo BEH C18_100,AD0254,0,35T,24370,17.73,2170,90.2,7.855302,1.973387,70218.24882,1.085042,260931.8153,1.503333,0.214199,0.685782,0.122916
Acquity Oligo BEH C18_100,AD0160,0,15T,16317,65.47,1373,63.2,,3.606446,14189.16241,2.881564,76877.62505,1.053333,0.238454,0.573372,0.138052
Acquity Oligo BEH C18_100,AD0160,0,20T,5249,21.06,384,57,15.97844,4.894527,11756.06722,3.775698,99424.18544,0.95,0.260221,0.743131,0.15412
Acquity Oligo BEH C18_100,AD0160,0,25T,1552,6.23,145,29.8,11.259687,2.569139,51588.35797,1.854738,135705.7662,0.496667,0.254181,0.404535,0.140332
Acquity Oligo BEH C18_100,AD0160,0,30T,1035,4.15,104,31,9.382761,2.378335,69800.47548,1.592986,215733.054,0.516667,0.220786,0.382127,0.129425
Acquity Oligo BEH C18_100,AD0160,0,35T,771,3.09,82,29.8,8.901049,3.187935,87936.63095,2.727015,356930.7364,0.496667,0.183701,0.394225,0.109833
Acquity Oligo BEH C18_100,AD0160,0,15T,9404,73.49,870,56.8,,3.229105,18575.94652,2.615902,87435.5568,0.946667,0.21513,0.503067,0.123006
Acquity Oligo BEH C18_100,AD0160,0,20T,1806,14.11,170,37.8,17.364105,3.829907,20225.06218,2.708709,130948.9455,0.63,0.217289,0.478713,0.139413
Acquity Oligo BEH C18_100,AD0160,0,25T,756,5.91,69,32.8,12.686865,1.332829,49181.00217,1.309916,173302.4694,0.546667,0.215244,0.478375,0.127605
Acquity Oligo BEH C18_100,AD0160,0,30T,406,3.18,44,24,10.967685,2.136558,99955.76059,1.516278,317588.662,0.4,0.174158,0.282156,0.131955
Acquity Oligo BEH C18_100,AD0160,0,35T,424,3.31,40,25,12.72847,3.517887,58679.79919,2.597005,1207752.28,0.416667,0.095555,0.390422,0.150361
Acquity Oligo BEH C18_100,AD0152,0,15T,19819,70.58,2188,47.2,,3.204074,19584.26677,2.70807,107061.6221,0.786667,0.187635,0.493158,0.110886
Acquity Oligo BEH C18_100,AD0152,0,20T,6895,24.55,626,44.4,18.10112,5.301461,11169.59765,3.423596,132795.7048,0.74,0.207756,0.544169,0.132675
Acquity Oligo BEH C18_100,AD0152,0,25T,1073,3.82,121,24,13.219847,3.465295,43181.99977,2.132457,211558.3091,0.4,0.18731,0.331617,0.121844
Acquity Oligo BEH C18_100,AD0152,0,30T,204,0.73,29,17,8.608075,2.071134,179919.512,1.969491,112388.6513,0.283333,0.281041,0.256838,0.099227
Acquity Oligo BEH C18_100,AD0152,0,35T,89,0.32,15,21.4,10.484888,10.510642,95145.50358,5.661304,11746233.72,0.356667,0.02939,0.156088,0.049672
Acquity Oligo BEH C18_100,AD0152,0,15T,24985,44.37,2959,55.4,,2.320809,37142.71965,2.007759,117461.6904,0.923333,0.180333,0.377885,0.103656
Acquity Oligo BEH C18_100,AD0152,0,20T,14837,26.35,1724,55.4,20.449129,2.663002,48230.91573,2.367357,192035.6889,0.923333,0.174117,0.416786,0.099925
Acquity Oligo BEH C18_100,AD0152,0,25T,8135,14.45,972,51.6,15.313432,2.511497,70923.91765,2.203436,251830.6897,0.86,0.173247,0.387892,0.099712
Acquity Oligo BEH C18_100,AD0152,0,30T,4654,8.26,620,37.8,11.895146,2.287447,108875.6129,1.932829,296397.8941,0.63,0.174905,0.324219,0.098216
Acquity Oligo BEH C18_100,AD0152,0,35T,3704,6.58,468,47.8,9.503803,2.370392,103239.0195,2.221861,324310.9786,0.796667,0.179022,0.398595,0.101961
Acquity Oligo BEH C18_100,AD0142,1,15T,202865,23.84,30254,52.4,,1.255377,147414.1792,1.166173,180465.9639,0.873333,0.171463,0.232221,0.09882
Acquity Oligo BEH C18_100,AD0142,1,20T,181531,21.33,26121,38.6,19.624044,1.419766,177572.2941,1.286804,240135.7126,0.643333,0.176512,0.247327,0.101543
Acquity Oligo BEH C18_100,AD0142,1,25T,167508,19.68,22429,47.8,13.626549,1.55462,181755.4165,1.403472,271067.4341,0.796667,0.185062,0.271786,0.106725
Acquity Oligo BEH C18_100,AD0142,1,30T,158554,18.63,20407,45.6,10.03178,1.610317,189012.3237,1.44748,292342.0181,0.76,0.192201,0.286204,0.111144
Acquity Oligo BEH C18_100,AD0142,1,35T,140492,16.51,18173,47.2,7.857205,1.682952,198739.0644,1.512167,325178.2682,0.786667,0.192849,0.294702,0.112034
Acquity Oligo BEH C18_100,AD0142,1,15T,194085,25.37,28722,54.4,,1.350209,140283.0848,1.249745,184743.1975,0.906667,0.169604,0.238479,0.097424
Acquity Oligo BEH C18_100,AD0142,1,20T,165218,21.6,23534,38.4,19.73464,1.482629,170819.0735,1.351481,240210.661,0.64,0.17662,0.252833,0.101711
Acquity Oligo BEH C18_100,AD0142,1,25T,148317,19.39,19559,49.6,13.557831,1.615986,175224.3856,1.459062,270239.9811,0.826667,0.185402,0.276566,0.107316
Acquity Oligo BEH C18_100,AD0142,1,30T,136294,17.82,17568,44.8,10.095268,1.681161,183988.8937,1.500405,295594.0182,0.746667,0.19126,0.287975,0.110873
Acquity Oligo BEH C18_100,AD0142,1,35T,121119,15.83,15606,45.6,7.866412,1.742042,191848.7884,1.556331,326447.2423,0.76,0.192567,0.298376,0.112108
Acquity Oligo BEH C18_100,AD0077,1,15T,212983,23.42,29507,32.6,,1.181292,131827.2688,1.112363,159327.1286,0.543333,0.190844,0.252352,0.108183
Acquity Oligo BEH C18_100,AD0077,1,20T,207113,22.77,28906,40,18.267523,1.350151,173349.8394,1.232526,232710.6798,0.666667,0.182278,0.257972,0.104608
Acquity Oligo BEH C18_100,AD0077,1,25T,182535,20.07,25006,33.8,12.724991,1.417869,196685.746,1.276663,273644.2525,0.563333,0.18601,0.264659,0.10671
Acquity Oligo BEH C18_100,AD0077,1,30T,165769,18.22,21468,41.2,9.432236,1.507968,197328.5869,1.362343,295327.3522,0.686667,0.19218,0.284478,0.110836
Acquity Oligo BEH C18_100,AD0077,1,35T,141172,15.52,18241,42,7.215645,1.605413,200042.4108,1.43881,316750.2471,0.7,0.195508,0.293748,0.113353
Acquity Oligo BEH C18_100,AD0077,1,15T,205516,27.34,30572,43,,1.217223,152132.285,1.145127,189013.6095,0.716667,0.172418,0.238359,0.098901
Acquity Oligo BEH C18_100,AD0077,1,20T,176909,23.54,24960,37,18.594407,1.340373,177934.2614,1.238347,239891.6567,0.616667,0.179789,0.256944,0.102998
Acquity Oligo BEH C18_100,AD0077,1,25T,135225,17.99,18349,32.6,12.748611,1.401045,194708.9054,1.276065,271588.66,0.543333,0.186913,0.268442,0.107607
Acquity Oligo BEH C18_100,AD0077,1,30T,122087,16.24,15939,39.6,9.477677,1.512546,199172.5886,1.375155,301730.4969,0.66,0.19035,0.28483,0.109968
Acquity Oligo BEH C18_100,AD0077,1,35T,111932,14.89,14475,41.2,7.271882,1.6119,200972.6146,1.444572,323137.1388,0.686667,0.193764,0.29473,0.112289